"HIOKI PW3365(Ver2.10)",S/N.170104446
"FOLDER",23020800
"WIRING",3P4W
"OPERATION",RMS
"FREQUENCY",50Hz
"THD",THD-F
"INTERVAL",5min
"U RANGE",400V
"U SENSOR",PW9020
"I RANGE",500A
"I SENSOR",9661(500A)
"VT(PT)",1
"CT",1
"ENERGY COST",0000.00,

2023-02-08 13:15:00,START
Date,Etime,Status,Freq_Avg[Hz],U1_Avg[V],Ufnd1_Avg[V],Udeg1_Avg[deg],U2_Avg[V],Ufnd2_Avg[V],Udeg2_Avg[deg],U3_Avg[V],Ufnd3_Avg[V],Udeg3_Avg[deg],I1_Avg[A],Ifnd1_Avg[A],Ideg1_Avg[deg],I2_Avg[A],Ifnd2_Avg[A],Ideg2_Avg[deg],I3_Avg[A],Ifnd3_Avg[A],Ideg3_Avg[deg],P1_Avg[W],P2_Avg[W],P3_Avg[W],P_Avg[W],S1_Avg[VA],S2_Avg[VA],S3_Avg[VA],S_Avg[VA],Q1_Avg[var],Q2_Avg[var],Q3_Avg[var],Q_Avg[var],PF1_Avg,PF2_Avg,PF3_Avg,PF_Avg,WP+[Wh],WP-[Wh],WQLAG[varh],WQLEAD[varh],Ecost,WP+dem[Wh],WP-dem[Wh],WQLAGdem[varh],WQLEADdem[varh],Pdem+[W],Pdem-[W],QdemLAG[var],QdemLEAD[var],PFdem
2023-02-08 13:15:00
2023-02-08 13:20:00,0000:05:00,00000000,49.99E+00,228.7E+00,228.7E+00,0.0E+00,219.6E+00,219.5E+00,-119.0E+00,232.8E+00,232.7E+00,121.2E+00,29.14E+00,29.07E+00,-24.3E+00,38.63E+00,38.52E+00,-140.3E+00,39.66E+00,39.45E+00,104.2E+00,6.05E+03,7.87E+03,8.77E+03,22.69E+03,6.67E+03,8.48E+03,9.23E+03,24.38E+03,2.77E+03,3.14E+03,2.87E+03,8.86E+03,0.908E+00,0.928E+00,0.950E+00,0.931E+00,1.891E+03,0.000E+03,0.738E+03,0.000E+03,0.00000E+00,1.891E+03,0.000E+03,0.738E+03,0.000E+03,22.69E+03,0.00E+03,8.86E+03,0.00E+03,0.932E+00
2023-02-08 13:25:00,0000:10:00,00000000,50.01E+00,228.8E+00,228.8E+00,0.0E+00,219.6E+00,219.6E+00,-119.0E+00,232.9E+00,232.9E+00,121.2E+00,27.60E+00,27.52E+00,-23.2E+00,37.78E+00,37.66E+00,-139.8E+00,37.91E+00,37.69E+00,105.3E+00,5.79E+03,7.73E+03,8.43E+03,21.95E+03,6.31E+03,8.30E+03,8.83E+03,23.44E+03,2.52E+03,3.01E+03,2.60E+03,8.21E+03,0.916E+00,0.932E+00,0.955E+00,0.936E+00,3.720E+03,0.000E+03,1.422E+03,0.000E+03,0.00000E+00,1.829E+03,0.000E+03,0.684E+03,0.000E+03,21.95E+03,0.00E+03,8.21E+03,0.00E+03,0.937E+00
2023-02-08 13:30:00,0000:15:00,00000000,49.99E+00,228.6E+00,228.5E+00,0.0E+00,220.1E+00,220.0E+00,-118.9E+00,232.7E+00,232.7E+00,121.3E+00,28.35E+00,28.27E+00,-24.5E+00,31.79E+00,31.68E+00,-139.7E+00,39.13E+00,38.91E+00,104.1E+00,5.88E+03,6.51E+03,8.64E+03,21.03E+03,6.48E+03,6.99E+03,9.11E+03,22.58E+03,2.73E+03,2.54E+03,2.86E+03,8.20E+03,0.907E+00,0.931E+00,0.949E+00,0.931E+00,5.473E+03,0.000E+03,2.105E+03,0.000E+03,0.00000E+00,1.752E+03,0.000E+03,0.683E+03,0.000E+03,21.03E+03,0.00E+03,8.20E+03,0.00E+03,0.932E+00
2023-02-08 13:35:00,0000:20:00,00000000,49.99E+00,228.9E+00,228.8E+00,0.0E+00,220.1E+00,220.0E+00,-118.9E+00,233.0E+00,233.0E+00,121.3E+00,29.72E+00,29.65E+00,-23.6E+00,37.19E+00,37.08E+00,-139.9E+00,40.50E+00,40.30E+00,104.5E+00,6.22E+03,7.62E+03,8.98E+03,22.81E+03,6.80E+03,8.18E+03,9.44E+03,24.42E+03,2.76E+03,2.98E+03,2.89E+03,8.70E+03,0.914E+00,0.931E+00,0.952E+00,0.934E+00,7.374E+03,0.000E+03,2.830E+03,0.000E+03,0.00000E+00,1.901E+03,0.000E+03,0.725E+03,0.000E+03,22.81E+03,0.00E+03,8.70E+03,0.00E+03,0.934E+00
2023-02-08 13:40:00,0000:25:00,00000000,50.00E+00,228.8E+00,228.8E+00,0.0E+00,220.6E+00,220.6E+00,-118.8E+00,232.6E+00,232.5E+00,121.4E+00,30.12E+00,30.05E+00,-20.9E+00,32.13E+00,32.04E+00,-136.5E+00,48.06E+00,47.87E+00,108.3E+00,6.42E+03,6.73E+03,10.83E+03,23.97E+03,6.89E+03,7.09E+03,11.17E+03,25.15E+03,2.49E+03,2.21E+03,2.72E+03,7.55E+03,0.931E+00,0.949E+00,0.969E+00,0.953E+00,9.371E+03,0.000E+03,3.460E+03,0.000E+03,0.00000E+00,1.998E+03,0.000E+03,0.629E+03,0.000E+03,23.97E+03,0.00E+03,7.55E+03,0.00E+03,0.954E+00
2023-02-08 13:45:00,0000:30:00,00000000,49.99E+00,229.2E+00,229.2E+00,0.0E+00,220.2E+00,220.1E+00,-118.7E+00,231.8E+00,231.8E+00,121.3E+00,27.44E+00,27.38E+00,-16.6E+00,39.88E+00,39.78E+00,-138.3E+00,55.58E+00,55.43E+00,108.8E+00,5.99E+03,8.23E+03,12.53E+03,26.76E+03,6.29E+03,8.78E+03,12.88E+03,27.95E+03,1.85E+03,3.01E+03,2.97E+03,7.97E+03,0.953E+00,0.938E+00,0.973E+00,0.957E+00,11.601E+03,0.000E+03,4.124E+03,0.000E+03,0.00000E+00,2.230E+03,0.000E+03,0.664E+03,0.000E+03,26.76E+03,0.00E+03,7.97E+03,0.00E+03,0.958E+00
2023-02-08 13:50:00,0000:35:00,00000000,49.99E+00,229.2E+00,229.2E+00,0.0E+00,220.7E+00,220.7E+00,-118.7E+00,232.1E+00,232.1E+00,121.4E+00,27.46E+00,27.42E+00,-10.2E+00,33.46E+00,33.38E+00,-130.6E+00,55.66E+00,55.55E+00,112.9E+00,6.15E+03,7.17E+03,12.72E+03,26.04E+03,6.29E+03,7.39E+03,12.92E+03,26.60E+03,1.16E+03,1.61E+03,2.08E+03,4.91E+03,0.977E+00,0.971E+00,0.985E+00,0.979E+00,13.771E+03,0.000E+03,4.533E+03,0.000E+03,0.00000E+00,2.170E+03,0.000E+03,0.409E+03,0.000E+03,26.04E+03,0.00E+03,4.91E+03,0.00E+03,0.983E+00
2023-02-08 13:55:00,0000:40:00,00000000,50.00E+00,229.1E+00,229.1E+00,0.0E+00,220.3E+00,220.2E+00,-118.8E+00,232.1E+00,232.1E+00,121.3E+00,31.70E+00,31.66E+00,-9.6E+00,42.63E+00,42.55E+00,-132.7E+00,59.14E+00,59.02E+00,112.5E+00,7.14E+03,9.08E+03,13.52E+03,29.73E+03,7.26E+03,9.39E+03,13.73E+03,30.37E+03,1.27E+03,2.34E+03,2.30E+03,6.02E+03,0.983E+00,0.967E+00,0.985E+00,0.979E+00,16.249E+03,0.000E+03,5.035E+03,0.000E+03,0.00000E+00,2.478E+03,0.000E+03,0.502E+03,0.000E+03,29.74E+03,0.00E+03,6.02E+03,0.00E+03,0.980E+00
2023-02-08 14:00:00,0000:45:00,00000000,50.00E+00,229.3E+00,229.3E+00,0.0E+00,220.6E+00,220.6E+00,-118.9E+00,233.3E+00,233.2E+00,121.3E+00,26.88E+00,26.85E+00,-6.4E+00,34.03E+00,33.95E+00,-128.0E+00,43.12E+00,43.01E+00,117.1E+00,6.11E+03,7.38E+03,10.00E+03,23.48E+03,6.16E+03,7.51E+03,10.06E+03,23.72E+03,0.76E+03,1.31E+03,1.05E+03,3.23E+03,0.991E+00,0.983E+00,0.994E+00,0.990E+00,18.206E+03,0.000E+03,5.305E+03,0.000E+03,0.00000E+00,1.956E+03,0.000E+03,0.270E+03,0.000E+03,23.48E+03,0.00E+03,3.23E+03,0.00E+03,0.991E+00
2023-02-08 14:05:00,0000:50:00,00000000,50.00E+00,230.0E+00,230.0E+00,0.0E+00,221.3E+00,221.3E+00,-118.9E+00,234.0E+00,233.9E+00,121.3E+00,17.65E+00,17.59E+00,-8.9E+00,24.77E+00,24.65E+00,-129.9E+00,32.53E+00,32.38E+00,113.0E+00,3.99E+03,5.33E+03,7.48E+03,16.80E+03,4.06E+03,5.48E+03,7.61E+03,17.15E+03,0.71E+03,1.20E+03,1.35E+03,3.30E+03,0.983E+00,0.973E+00,0.982E+00,0.979E+00,19.606E+03,0.000E+03,5.580E+03,0.000E+03,0.00000E+00,1.400E+03,0.000E+03,0.275E+03,0.000E+03,16.80E+03,0.00E+03,3.30E+03,0.00E+03,0.981E+00
2023-02-08 14:10:00,0000:55:00,00000000,50.00E+00,230.2E+00,230.2E+00,0.0E+00,221.2E+00,221.2E+00,-119.0E+00,234.0E+00,234.0E+00,121.3E+00,21.00E+00,20.95E+00,-9.6E+00,30.48E+00,30.37E+00,-131.9E+00,36.02E+00,35.87E+00,111.4E+00,4.75E+03,6.53E+03,8.25E+03,19.53E+03,4.83E+03,6.74E+03,8.43E+03,20.01E+03,0.87E+03,1.63E+03,1.65E+03,4.20E+03,0.982E+00,0.968E+00,0.979E+00,0.976E+00,21.233E+03,0.000E+03,5.930E+03,0.000E+03,0.00000E+00,1.627E+03,0.000E+03,0.350E+03,0.000E+03,19.53E+03,0.00E+03,4.20E+03,0.00E+03,0.978E+00
2023-02-08 14:15:00,0001:00:00,00000000,50.00E+00,229.9E+00,229.8E+00,0.0E+00,221.3E+00,221.3E+00,-118.9E+00,233.7E+00,233.7E+00,121.3E+00,26.17E+00,26.11E+00,-17.3E+00,33.14E+00,33.06E+00,-137.3E+00,42.00E+00,41.81E+00,105.2E+00,5.72E+03,6.94E+03,9.37E+03,22.03E+03,6.02E+03,7.33E+03,9.81E+03,23.16E+03,1.84E+03,2.38E+03,2.89E+03,7.11E+03,0.951E+00,0.946E+00,0.955E+00,0.951E+00,23.069E+03,0.000E+03,6.523E+03,0.000E+03,0.00000E+00,1.836E+03,0.000E+03,0.593E+03,0.000E+03,22.03E+03,0.00E+03,7.11E+03,0.00E+03,0.952E+00
2023-02-08 14:20:00,0001:05:00,00000000,49.99E+00,229.8E+00,229.7E+00,0.0E+00,220.7E+00,220.7E+00,-118.8E+00,232.6E+00,232.6E+00,121.2E+00,26.63E+00,26.57E+00,-17.2E+00,39.18E+00,39.08E+00,-139.0E+00,54.38E+00,54.23E+00,108.6E+00,5.83E+03,8.09E+03,12.30E+03,26.21E+03,6.12E+03,8.65E+03,12.65E+03,27.41E+03,1.85E+03,3.05E+03,2.93E+03,7.99E+03,0.952E+00,0.935E+00,0.972E+00,0.956E+00,25.253E+03,0.000E+03,7.189E+03,0.000E+03,0.00000E+00,2.184E+03,0.000E+03,0.666E+03,0.000E+03,26.21E+03,0.00E+03,7.99E+03,0.00E+03,0.957E+00
2023-02-08 14:25:00,0001:10:00,00000000,50.00E+00,229.1E+00,229.1E+00,0.0E+00,220.9E+00,220.8E+00,-118.7E+00,232.1E+00,232.1E+00,121.4E+00,24.25E+00,24.20E+00,-14.6E+00,30.76E+00,30.68E+00,-135.6E+00,52.31E+00,52.17E+00,109.4E+00,5.36E+03,6.48E+03,11.84E+03,23.67E+03,5.56E+03,6.79E+03,12.14E+03,24.49E+03,1.44E+03,2.04E+03,2.68E+03,6.23E+03,0.964E+00,0.953E+00,0.975E+00,0.966E+00,27.226E+03,0.000E+03,7.708E+03,0.000E+03,0.00000E+00,1.972E+03,0.000E+03,0.519E+03,0.000E+03,23.67E+03,0.00E+03,6.23E+03,0.00E+03,0.967E+00
2023-02-08 14:30:00,0001:15:00,00000000,49.99E+00,229.3E+00,229.3E+00,0.0E+00,220.3E+00,220.2E+00,-118.7E+00,232.0E+00,231.9E+00,121.3E+00,25.66E+00,25.61E+00,-16.7E+00,38.25E+00,38.16E+00,-138.6E+00,53.58E+00,53.44E+00,108.8E+00,5.62E+03,7.89E+03,12.09E+03,25.60E+03,5.88E+03,8.42E+03,12.43E+03,26.73E+03,1.73E+03,2.93E+03,2.86E+03,7.65E+03,0.955E+00,0.937E+00,0.973E+00,0.958E+00,29.359E+03,0.000E+03,8.345E+03,0.000E+03,0.00000E+00,2.133E+03,0.000E+03,0.638E+03,0.000E+03,25.60E+03,0.00E+03,7.65E+03,0.00E+03,0.958E+00
2023-02-08 14:35:00,0001:20:00,00000000,49.99E+00,229.4E+00,229.4E+00,0.0E+00,220.6E+00,220.6E+00,-118.8E+00,232.4E+00,232.4E+00,121.4E+00,26.77E+00,26.72E+00,-17.3E+00,34.57E+00,34.48E+00,-137.7E+00,50.57E+00,50.42E+00,108.1E+00,5.84E+03,7.19E+03,11.39E+03,24.42E+03,6.14E+03,7.62E+03,11.75E+03,25.51E+03,1.87E+03,2.53E+03,2.86E+03,7.33E+03,0.952E+00,0.943E+00,0.969E+00,0.957E+00,31.394E+03,0.000E+03,8.956E+03,0.000E+03,0.00000E+00,2.035E+03,0.000E+03,0.611E+03,0.000E+03,24.42E+03,0.00E+03,7.33E+03,0.00E+03,0.958E+00
2023-02-08 14:40:00,0001:25:00,00000000,49.99E+00,229.6E+00,229.5E+00,0.0E+00,220.6E+00,220.5E+00,-118.9E+00,233.4E+00,233.4E+00,121.3E+00,26.14E+00,26.08E+00,-16.8E+00,36.87E+00,36.78E+00,-138.3E+00,41.06E+00,40.88E+00,105.8E+00,5.72E+03,7.65E+03,9.18E+03,22.55E+03,6.00E+03,8.13E+03,9.58E+03,23.72E+03,1.79E+03,2.75E+03,2.73E+03,7.30E+03,0.954E+00,0.941E+00,0.958E+00,0.951E+00,33.273E+03,0.000E+03,9.564E+03,0.000E+03,0.00000E+00,1.880E+03,0.000E+03,0.608E+03,0.000E+03,22.55E+03,0.00E+03,7.30E+03,0.00E+03,0.951E+00
2023-02-08 14:45:00,0001:30:00,00000000,49.99E+00,229.4E+00,229.4E+00,0.0E+00,220.3E+00,220.3E+00,-118.9E+00,233.3E+00,233.3E+00,121.3E+00,25.82E+00,25.76E+00,-17.0E+00,35.27E+00,35.17E+00,-138.0E+00,40.67E+00,40.48E+00,105.8E+00,5.64E+03,7.32E+03,9.09E+03,22.05E+03,5.92E+03,7.77E+03,9.49E+03,23.18E+03,1.78E+03,2.60E+03,2.71E+03,7.11E+03,0.953E+00,0.942E+00,0.958E+00,0.951E+00,35.111E+03,0.000E+03,10.157E+03,0.000E+03,0.00000E+00,1.838E+03,0.000E+03,0.592E+03,0.000E+03,22.05E+03,0.00E+03,7.11E+03,0.00E+03,0.952E+00
2023-02-08 14:50:00,0001:35:00,00000000,50.02E+00,229.0E+00,228.9E+00,0.0E+00,220.1E+00,220.0E+00,-118.9E+00,232.8E+00,232.8E+00,121.3E+00,26.73E+00,26.68E+00,-17.6E+00,35.69E+00,35.61E+00,-138.1E+00,42.78E+00,42.60E+00,105.7E+00,5.81E+03,7.39E+03,9.54E+03,22.75E+03,6.12E+03,7.85E+03,9.96E+03,23.93E+03,1.89E+03,2.63E+03,2.84E+03,7.39E+03,0.950E+00,0.941E+00,0.958E+00,0.951E+00,37.006E+03,0.000E+03,10.772E+03,0.000E+03,0.00000E+00,1.896E+03,0.000E+03,0.616E+03,0.000E+03,22.75E+03,0.00E+03,7.39E+03,0.00E+03,0.951E+00
2023-02-08 14:55:00,0001:40:00,00000000,50.02E+00,229.4E+00,229.3E+00,0.0E+00,220.2E+00,220.1E+00,-118.9E+00,233.2E+00,233.2E+00,121.3E+00,26.01E+00,25.96E+00,-17.1E+00,37.39E+00,37.30E+00,-138.3E+00,42.46E+00,42.28E+00,106.2E+00,5.68E+03,7.73E+03,9.51E+03,22.92E+03,5.97E+03,8.23E+03,9.90E+03,24.10E+03,1.80E+03,2.80E+03,2.74E+03,7.38E+03,0.952E+00,0.940E+00,0.960E+00,0.951E+00,38.917E+03,0.000E+03,11.387E+03,0.000E+03,0.00000E+00,1.910E+03,0.000E+03,0.615E+03,0.000E+03,22.92E+03,0.00E+03,7.38E+03,0.00E+03,0.952E+00
2023-02-08 15:00:00,0001:45:00,00000000,50.04E+00,230.4E+00,230.4E+00,0.0E+00,221.7E+00,221.7E+00,-118.9E+00,234.1E+00,234.1E+00,121.3E+00,21.88E+00,21.79E+00,-29.8E+00,25.73E+00,25.59E+00,-146.8E+00,31.56E+00,31.21E+00,98.9E+00,2.98E+03,4.24E+03,6.43E+03,13.65E+03,5.04E+03,5.70E+03,7.38E+03,18.11E+03,1.77E+03,2.31E+03,2.82E+03,7.34E+03,0.592E+00,0.745E+00,0.871E+00,0.754E+00,40.136E+03,-0.081E+03,11.999E+03,0.000E+03,0.00000E+00,1.220E+03,-0.081E+03,0.612E+03,0.000E+03,14.64E+03,-0.97E+03,7.34E+03,0.00E+03,0.894E+00
2023-02-08 15:05:00,0001:50:00,00000000,50.00E+00,231.7E+00,231.6E+00,0.0E+00,222.1E+00,222.1E+00,-118.9E+00,235.2E+00,235.2E+00,121.2E+00,12.04E+00,11.86E+00,-133.3E+00,14.74E+00,14.46E+00,165.7E+00,14.48E+00,13.91E+00,60.1E+00,-1.81E+03,0.80E+03,1.56E+03,0.54E+03,2.79E+03,3.27E+03,3.41E+03,9.47E+03,1.98E+03,3.12E+03,2.99E+03,9.28E+03,0.649E+00,0.243E+00,0.458E+00,0.058E+00,40.231E+03,-0.130E+03,12.772E+03,0.000E+03,0.00000E+00,0.095E+03,-0.049E+03,0.773E+03,0.000E+03,1.14E+03,-0.59E+03,9.28E+03,0.00E+03,0.122E+00
2023-02-08 15:10:00,0001:55:00,00000000,50.00E+00,231.6E+00,231.5E+00,0.0E+00,222.7E+00,222.7E+00,-118.9E+00,235.4E+00,235.4E+00,121.3E+00,12.59E+00,12.43E+00,-139.9E+00,11.52E+00,11.26E+00,138.4E+00,13.61E+00,12.96E+00,58.2E+00,-2.11E+03,-0.53E+03,1.35E+03,-1.29E+03,2.92E+03,2.56E+03,3.20E+03,8.68E+03,1.83E+03,2.40E+03,2.83E+03,8.28E+03,0.723E+00,0.206E+00,0.421E+00,0.148E+00,40.259E+03,-0.265E+03,13.462E+03,0.000E+03,0.00000E+00,0.028E+03,-0.135E+03,0.690E+03,0.000E+03,0.33E+03,-1.62E+03,8.28E+03,0.00E+03,0.040E+00
2023-02-08 15:15:00,0002:00:00,00000000,49.99E+00,231.4E+00,231.3E+00,0.0E+00,222.2E+00,222.2E+00,-118.9E+00,235.1E+00,235.1E+00,121.3E+00,10.30E+00,10.12E+00,-120.2E+00,14.73E+00,14.51E+00,174.7E+00,16.18E+00,15.67E+00,71.9E+00,-1.05E+03,1.23E+03,2.32E+03,2.50E+03,2.38E+03,3.27E+03,3.80E+03,9.46E+03,1.86E+03,2.89E+03,2.87E+03,8.59E+03,0.442E+00,0.377E+00,0.611E+00,0.265E+00,40.506E+03,-0.303E+03,14.178E+03,0.000E+03,0.00000E+00,0.247E+03,-0.038E+03,0.716E+03,0.000E+03,2.96E+03,-0.46E+03,8.59E+03,0.00E+03,0.326E+00
2023-02-08 15:20:00,0002:05:00,00000000,50.00E+00,230.7E+00,230.7E+00,0.0E+00,221.9E+00,221.8E+00,-118.9E+00,234.7E+00,234.6E+00,121.3E+00,11.43E+00,11.36E+00,-79.5E+00,18.34E+00,18.21E+00,-171.4E+00,22.28E+00,21.93E+00,81.1E+00,0.43E+03,2.33E+03,3.86E+03,6.62E+03,2.64E+03,4.07E+03,5.23E+03,11.93E+03,2.35E+03,3.08E+03,3.40E+03,9.29E+03,0.163E+00,0.572E+00,0.739E+00,0.555E+00,41.063E+03,-0.309E+03,14.952E+03,0.000E+03,0.00000E+00,0.557E+03,-0.005E+03,0.774E+03,0.000E+03,6.68E+03,-0.06E+03,9.29E+03,0.00E+03,0.584E+00
2023-02-08 15:25:00,0002:10:00,00000000,49.99E+00,231.3E+00,231.3E+00,0.0E+00,222.4E+00,222.3E+00,-118.8E+00,235.1E+00,235.0E+00,121.3E+00,12.40E+00,12.35E+00,-122.8E+00,15.15E+00,15.00E+00,165.6E+00,18.36E+00,17.97E+00,78.1E+00,-1.28E+03,0.71E+03,2.94E+03,2.38E+03,2.87E+03,3.37E+03,4.31E+03,10.55E+03,2.00E+03,2.81E+03,2.91E+03,9.30E+03,0.445E+00,0.211E+00,0.682E+00,0.225E+00,41.324E+03,-0.372E+03,15.727E+03,0.000E+03,0.00000E+00,0.261E+03,-0.063E+03,0.775E+03,0.000E+03,3.13E+03,-0.76E+03,9.30E+03,0.00E+03,0.319E+00
2023-02-08 15:30:00,0002:15:00,00000000,49.99E+00,232.1E+00,232.0E+00,0.0E+00,222.4E+00,222.4E+00,-118.8E+00,234.7E+00,234.7E+00,121.2E+00,11.30E+00,11.25E+00,-120.5E+00,16.01E+00,15.81E+00,-176.9E+00,23.93E+00,23.68E+00,98.9E+00,-1.00E+03,1.72E+03,5.12E+03,5.84E+03,2.62E+03,3.56E+03,5.61E+03,11.79E+03,1.70E+03,2.82E+03,2.26E+03,9.38E+03,0.380E+00,0.483E+00,0.912E+00,0.495E+00,41.831E+03,-0.392E+03,16.508E+03,0.000E+03,0.00000E+00,0.507E+03,-0.020E+03,0.781E+03,0.000E+03,6.09E+03,-0.24E+03,9.38E+03,0.00E+03,0.544E+00
2023-02-08 15:35:00,0002:20:00,00000000,50.00E+00,232.6E+00,232.6E+00,0.0E+00,223.8E+00,223.7E+00,-118.8E+00,235.4E+00,235.4E+00,121.3E+00,11.84E+00,11.78E+00,-160.1E+00,8.70E+00,8.51E+00,91.8E+00,18.29E+00,18.05E+00,101.4E+00,-2.51E+03,-1.44E+03,3.98E+03,0.03E+03,2.75E+03,1.95E+03,4.30E+03,9.01E+03,0.95E+03,0.94E+03,1.60E+03,8.61E+03,0.911E+00,0.739E+00,0.925E+00,0.004E+00,41.928E+03,-0.486E+03,17.226E+03,0.000E+03,0.00000E+00,0.097E+03,-0.094E+03,0.718E+03,0.000E+03,1.16E+03,-1.13E+03,8.61E+03,0.00E+03,0.134E+00
2023-02-08 15:40:00,0002:25:00,00000000,50.00E+00,232.6E+00,232.6E+00,0.0E+00,223.2E+00,223.1E+00,-119.0E+00,235.4E+00,235.4E+00,121.2E+00,5.97E+00,5.92E+00,-146.4E+00,12.50E+00,12.37E+00,-143.9E+00,23.89E+00,23.72E+00,108.4E+00,-0.97E+03,1.82E+03,5.43E+03,6.28E+03,1.39E+03,2.79E+03,5.62E+03,9.80E+03,0.66E+03,0.93E+03,1.40E+03,5.64E+03,0.699E+00,0.652E+00,0.966E+00,0.640E+00,42.477E+03,-0.513E+03,17.695E+03,0.000E+03,0.00000E+00,0.550E+03,-0.027E+03,0.470E+03,0.000E+03,6.60E+03,-0.32E+03,5.64E+03,0.00E+03,0.760E+00
2023-02-08 15:45:00,0002:30:00,00000000,50.00E+00,232.6E+00,232.6E+00,0.0E+00,222.9E+00,222.8E+00,-119.2E+00,236.3E+00,236.3E+00,121.1E+00,5.79E+00,5.74E+00,-148.5E+00,10.14E+00,10.03E+00,-134.4E+00,13.35E+00,13.00E+00,101.2E+00,-1.05E+03,2.02E+03,2.69E+03,3.66E+03,1.35E+03,2.26E+03,3.15E+03,6.76E+03,0.66E+03,0.63E+03,1.17E+03,4.27E+03,0.782E+00,0.892E+00,0.855E+00,0.541E+00,42.840E+03,-0.571E+03,18.051E+03,0.000E+03,0.00000E+00,0.363E+03,-0.058E+03,0.356E+03,0.000E+03,4.35E+03,-0.69E+03,4.27E+03,0.00E+03,0.714E+00
2023-02-08 15:50:00,0002:35:00,00000000,49.99E+00,232.5E+00,232.5E+00,0.0E+00,223.2E+00,223.2E+00,-119.1E+00,236.5E+00,236.4E+00,121.1E+00,3.20E+00,3.14E+00,-115.6E+00,10.29E+00,10.17E+00,-133.3E+00,12.16E+00,11.85E+00,103.7E+00,-0.30E+03,2.13E+03,2.66E+03,4.48E+03,0.74E+03,2.30E+03,2.87E+03,5.91E+03,0.65E+03,0.62E+03,1.06E+03,3.66E+03,0.410E+00,0.927E+00,0.925E+00,0.758E+00,43.217E+03,-0.575E+03,18.356E+03,0.000E+03,0.00000E+00,0.377E+03,-0.004E+03,0.305E+03,0.000E+03,4.53E+03,-0.05E+03,3.66E+03,0.00E+03,0.778E+00
2023-02-08 15:55:00,0002:40:00,00000000,50.00E+00,232.5E+00,232.5E+00,0.0E+00,222.8E+00,222.7E+00,-119.1E+00,236.2E+00,236.2E+00,121.1E+00,8.40E+00,8.34E+00,-139.3E+00,12.83E+00,12.62E+00,-161.8E+00,11.25E+00,10.83E+00,85.0E+00,-1.12E+03,1.73E+03,1.93E+03,2.54E+03,1.95E+03,2.86E+03,2.65E+03,7.47E+03,0.98E+03,1.69E+03,1.56E+03,5.59E+03,0.571E+00,0.607E+00,0.725E+00,0.341E+00,43.514E+03,-0.659E+03,18.822E+03,0.000E+03,0.00000E+00,0.297E+03,-0.085E+03,0.466E+03,0.000E+03,3.56E+03,-1.02E+03,5.59E+03,0.00E+03,0.537E+00
2023-02-08 16:00:00,0002:45:00,00000000,50.00E+00,232.4E+00,232.4E+00,0.0E+00,222.7E+00,222.7E+00,-119.0E+00,236.2E+00,236.2E+00,121.1E+00,11.37E+00,11.35E+00,-165.1E+00,7.89E+00,7.60E+00,165.6E+00,6.38E+00,5.74E+00,52.1E+00,-2.52E+03,0.38E+03,0.42E+03,-1.72E+03,2.64E+03,1.76E+03,1.51E+03,5.91E+03,0.68E+03,1.56E+03,1.26E+03,4.99E+03,0.952E+00,0.219E+00,0.276E+00,0.291E+00,43.568E+03,-0.857E+03,19.238E+03,0.000E+03,0.00000E+00,0.054E+03,-0.197E+03,0.416E+03,0.000E+03,0.65E+03,-2.37E+03,4.99E+03,0.00E+03,0.130E+00
2023-02-08 16:05:00,0002:50:00,00000000,50.00E+00,232.5E+00,232.4E+00,0.0E+00,222.9E+00,222.9E+00,-119.0E+00,236.5E+00,236.5E+00,121.1E+00,10.91E+00,10.85E+00,-153.5E+00,9.34E+00,9.04E+00,170.1E+00,6.51E+00,5.82E+00,59.3E+00,-2.14E+03,0.63E+03,0.57E+03,-0.93E+03,2.54E+03,2.08E+03,1.54E+03,6.16E+03,1.09E+03,1.91E+03,1.25E+03,5.55E+03,0.842E+00,0.304E+00,0.370E+00,0.152E+00,43.632E+03,-0.998E+03,19.700E+03,0.000E+03,0.00000E+00,0.063E+03,-0.141E+03,0.462E+03,0.000E+03,0.76E+03,-1.70E+03,5.55E+03,0.00E+03,0.136E+00
2023-02-08 16:10:00,0002:55:00,00000000,50.00E+00,232.5E+00,232.5E+00,0.0E+00,223.0E+00,222.9E+00,-118.9E+00,236.3E+00,236.3E+00,121.2E+00,10.44E+00,10.00E+00,-155.9E+00,9.00E+00,8.23E+00,168.1E+00,9.16E+00,8.22E+00,71.7E+00,-2.12E+03,0.53E+03,1.25E+03,-0.33E+03,2.43E+03,2.01E+03,2.16E+03,6.60E+03,1.16E+03,1.93E+03,1.76E+03,6.55E+03,0.872E+00,0.265E+00,0.579E+00,0.050E+00,43.634E+03,-1.028E+03,20.246E+03,0.000E+03,0.00000E+00,0.003E+03,-0.030E+03,0.545E+03,0.000E+03,0.03E+03,-0.36E+03,6.55E+03,0.00E+03,0.005E+00
2023-02-08 16:15:00,0003:00:00,00000000,49.99E+00,232.3E+00,232.3E+00,0.0E+00,223.6E+00,223.6E+00,-118.9E+00,236.2E+00,236.2E+00,121.2E+00,9.96E+00,9.59E+00,-153.6E+00,7.16E+00,6.45E+00,110.9E+00,9.53E+00,8.72E+00,72.3E+00,-2.00E+03,-0.82E+03,1.35E+03,-1.47E+03,2.31E+03,1.60E+03,2.25E+03,6.17E+03,1.17E+03,1.20E+03,1.80E+03,5.95E+03,0.863E+00,0.514E+00,0.599E+00,0.238E+00,43.636E+03,-1.152E+03,20.741E+03,0.000E+03,0.00000E+00,0.002E+03,-0.124E+03,0.496E+03,0.000E+03,0.02E+03,-1.49E+03,5.95E+03,0.00E+03,0.003E+00
2023-02-08 16:20:00,0003:05:00,00000000,50.01E+00,232.0E+00,232.0E+00,0.0E+00,222.8E+00,222.8E+00,-118.9E+00,235.9E+00,235.9E+00,121.2E+00,9.57E+00,9.18E+00,-141.9E+00,8.96E+00,8.31E+00,169.3E+00,10.44E+00,9.69E+00,77.3E+00,-1.57E+03,0.57E+03,1.64E+03,0.64E+03,2.22E+03,2.00E+03,2.46E+03,6.68E+03,1.39E+03,1.90E+03,1.82E+03,6.56E+03,0.706E+00,0.286E+00,0.666E+00,0.096E+00,43.695E+03,-1.157E+03,21.288E+03,0.000E+03,0.00000E+00,0.059E+03,-0.005E+03,0.547E+03,0.000E+03,0.71E+03,-0.06E+03,6.56E+03,0.00E+03,0.107E+00
2023-02-08 16:25:00,0003:10:00,00000000,49.98E+00,231.7E+00,231.7E+00,0.0E+00,222.8E+00,222.7E+00,-118.9E+00,235.8E+00,235.8E+00,121.2E+00,10.08E+00,9.88E+00,-159.8E+00,6.99E+00,6.49E+00,121.9E+00,5.64E+00,4.56E+00,74.6E+00,-2.12E+03,-0.56E+03,0.73E+03,-1.95E+03,2.34E+03,1.56E+03,1.33E+03,5.22E+03,0.90E+03,1.17E+03,1.10E+03,4.68E+03,0.907E+00,0.358E+00,0.548E+00,0.373E+00,43.705E+03,-1.330E+03,21.678E+03,0.000E+03,0.00000E+00,0.010E+03,-0.172E+03,0.390E+03,0.000E+03,0.12E+03,-2.07E+03,4.68E+03,0.00E+03,0.025E+00
2023-02-08 16:30:00,0003:15:00,00000000,50.00E+00,231.7E+00,231.6E+00,0.0E+00,222.7E+00,222.6E+00,-118.9E+00,235.6E+00,235.6E+00,121.2E+00,9.36E+00,9.19E+00,-148.6E+00,8.30E+00,7.89E+00,143.8E+00,8.85E+00,8.37E+00,75.9E+00,-1.73E+03,-0.16E+03,1.37E+03,-0.52E+03,2.17E+03,1.85E+03,2.08E+03,6.10E+03,1.13E+03,1.34E+03,1.54E+03,5.56E+03,0.800E+00,0.086E+00,0.659E+00,0.085E+00,43.782E+03,-1.450E+03,22.142E+03,0.000E+03,0.00000E+00,0.078E+03,-0.121E+03,0.464E+03,0.000E+03,0.93E+03,-1.45E+03,5.56E+03,0.00E+03,0.165E+00
2023-02-08 16:35:00,0003:20:00,00000000,50.01E+00,231.9E+00,231.9E+00,0.0E+00,222.5E+00,222.5E+00,-119.0E+00,236.0E+00,236.0E+00,121.1E+00,9.15E+00,8.85E+00,-151.5E+00,8.05E+00,7.21E+00,-163.4E+00,7.30E+00,6.77E+00,70.1E+00,-1.80E+03,1.09E+03,1.00E+03,0.29E+03,2.12E+03,1.79E+03,1.72E+03,5.64E+03,1.12E+03,1.30E+03,1.40E+03,5.56E+03,0.850E+00,0.608E+00,0.582E+00,0.051E+00,43.832E+03,-1.476E+03,22.605E+03,0.000E+03,0.00000E+00,0.050E+03,-0.026E+03,0.463E+03,0.000E+03,0.60E+03,-0.31E+03,5.56E+03,0.00E+03,0.107E+00
2023-02-08 16:40:00,0003:25:00,00000000,50.00E+00,232.0E+00,232.0E+00,0.0E+00,222.9E+00,222.8E+00,-119.0E+00,236.1E+00,236.1E+00,121.1E+00,9.13E+00,8.85E+00,-151.4E+00,3.81E+00,2.46E+00,161.8E+00,5.40E+00,4.65E+00,69.2E+00,-1.80E+03,0.09E+03,0.67E+03,-1.04E+03,2.12E+03,0.85E+03,1.27E+03,4.24E+03,1.11E+03,0.80E+03,1.08E+03,4.06E+03,0.851E+00,0.108E+00,0.527E+00,0.245E+00,43.837E+03,-1.568E+03,22.943E+03,0.000E+03,0.00000E+00,0.005E+03,-0.092E+03,0.338E+03,0.000E+03,0.06E+03,-1.10E+03,4.06E+03,0.00E+03,0.015E+00
2023-02-08 16:45:00,0003:30:00,00000000,50.00E+00,231.8E+00,231.7E+00,0.0E+00,222.1E+00,222.1E+00,-119.0E+00,235.8E+00,235.8E+00,121.1E+00,5.84E+00,5.52E+00,-101.3E+00,14.21E+00,13.91E+00,-143.5E+00,13.07E+00,12.82E+00,93.2E+00,-0.23E+03,2.76E+03,2.63E+03,5.17E+03,1.35E+03,3.16E+03,3.08E+03,7.59E+03,1.21E+03,1.43E+03,1.52E+03,5.21E+03,0.168E+00,0.876E+00,0.855E+00,0.681E+00,44.268E+03,-1.568E+03,23.377E+03,0.000E+03,0.00000E+00,0.432E+03,-0.001E+03,0.434E+03,0.000E+03,5.18E+03,-0.01E+03,5.21E+03,0.00E+03,0.705E+00
2023-02-08 16:50:00,0003:35:00,00000000,50.00E+00,231.7E+00,231.6E+00,0.0E+00,222.6E+00,222.6E+00,-119.0E+00,235.7E+00,235.7E+00,121.2E+00,7.79E+00,7.62E+00,-145.1E+00,5.99E+00,5.36E+00,-153.3E+00,9.41E+00,9.12E+00,82.4E+00,-1.27E+03,0.81E+03,1.63E+03,1.17E+03,1.81E+03,1.33E+03,2.22E+03,5.36E+03,0.95E+03,0.79E+03,1.41E+03,4.53E+03,0.705E+00,0.609E+00,0.733E+00,0.217E+00,44.415E+03,-1.618E+03,23.755E+03,0.000E+03,0.00000E+00,0.147E+03,-0.049E+03,0.377E+03,0.000E+03,1.76E+03,-0.59E+03,4.53E+03,0.00E+03,0.362E+00
2023-02-08 16:55:00,0003:40:00,00000000,50.00E+00,231.8E+00,231.7E+00,0.0E+00,222.6E+00,222.6E+00,-118.9E+00,236.0E+00,236.0E+00,121.2E+00,8.47E+00,8.40E+00,-144.6E+00,8.33E+00,8.14E+00,161.7E+00,7.22E+00,6.94E+00,77.9E+00,-1.45E+03,0.23E+03,1.18E+03,-0.03E+03,1.96E+03,1.85E+03,1.70E+03,5.52E+03,1.05E+03,1.33E+03,1.20E+03,4.79E+03,0.736E+00,0.125E+00,0.696E+00,0.005E+00,44.521E+03,-1.726E+03,24.153E+03,0.000E+03,0.00000E+00,0.106E+03,-0.108E+03,0.399E+03,0.000E+03,1.27E+03,-1.30E+03,4.79E+03,0.00E+03,0.256E+00
2023-02-08 17:00:00,0003:45:00,00000000,50.01E+00,231.9E+00,231.9E+00,0.0E+00,222.7E+00,222.6E+00,-118.9E+00,236.2E+00,236.2E+00,121.2E+00,8.12E+00,7.98E+00,-163.0E+00,6.14E+00,5.70E+00,147.9E+00,5.08E+00,4.60E+00,83.6E+00,-1.76E+03,-0.06E+03,0.85E+03,-0.97E+03,1.88E+03,1.37E+03,1.20E+03,4.45E+03,0.63E+03,1.07E+03,0.83E+03,4.11E+03,0.934E+00,0.041E+00,0.705E+00,0.218E+00,44.538E+03,-1.824E+03,24.496E+03,0.000E+03,0.00000E+00,0.017E+03,-0.098E+03,0.342E+03,0.000E+03,0.21E+03,-1.18E+03,4.11E+03,0.00E+03,0.050E+00
2023-02-08 17:05:00,0003:50:00,00000000,50.02E+00,231.9E+00,231.8E+00,0.0E+00,223.1E+00,223.1E+00,-118.8E+00,236.2E+00,236.2E+00,121.3E+00,7.06E+00,7.04E+00,-176.4E+00,5.53E+00,5.38E+00,68.9E+00,4.98E+00,4.68E+00,97.8E+00,-1.63E+03,-1.09E+03,0.98E+03,-1.74E+03,1.64E+03,1.23E+03,1.18E+03,4.05E+03,0.15E+03,0.34E+03,0.56E+03,2.76E+03,0.996E+00,0.886E+00,0.832E+00,0.431E+00,44.581E+03,-2.012E+03,24.726E+03,0.000E+03,0.00000E+00,0.043E+03,-0.188E+03,0.230E+03,0.000E+03,0.52E+03,-2.26E+03,2.76E+03,0.00E+03,0.184E+00
2023-02-08 17:10:00,0003:55:00,00000000,49.99E+00,232.0E+00,232.0E+00,0.0E+00,222.7E+00,222.6E+00,-118.8E+00,236.2E+00,236.1E+00,121.3E+00,7.56E+00,7.54E+00,-176.5E+00,5.27E+00,4.93E+00,126.3E+00,3.46E+00,3.25E+00,98.7E+00,-1.75E+03,-0.31E+03,0.68E+03,-1.37E+03,1.75E+03,1.17E+03,0.82E+03,3.74E+03,0.16E+03,0.79E+03,0.37E+03,2.39E+03,0.996E+00,0.262E+00,0.836E+00,0.366E+00,44.623E+03,-2.169E+03,24.925E+03,0.000E+03,0.00000E+00,0.042E+03,-0.157E+03,0.199E+03,0.000E+03,0.51E+03,-1.88E+03,2.39E+03,0.00E+03,0.208E+00
2023-02-08 17:15:00,0004:00:00,00000000,50.00E+00,232.2E+00,232.2E+00,0.0E+00,223.1E+00,223.1E+00,-118.8E+00,236.5E+00,236.5E+00,121.3E+00,8.53E+00,8.51E+00,-176.4E+00,6.77E+00,6.56E+00,72.7E+00,0.62E+00,0.57E+00,92.9E+00,-1.97E+03,-1.20E+03,0.12E+03,-3.05E+03,1.98E+03,1.51E+03,0.15E+03,3.64E+03,0.18E+03,0.48E+03,0.08E+03,1.15E+03,0.996E+00,0.791E+00,0.816E+00,0.838E+00,44.624E+03,-2.423E+03,25.021E+03,0.000E+03,0.00000E+00,0.000E+03,-0.254E+03,0.096E+03,0.000E+03,0.00E+03,-3.05E+03,1.15E+03,0.00E+03,0.004E+00
2023-02-08 17:20:00,0004:05:00,00000000,49.99E+00,232.4E+00,232.4E+00,0.0E+00,223.3E+00,223.3E+00,-118.8E+00,236.2E+00,236.2E+00,121.3E+00,8.10E+00,8.07E+00,-176.2E+00,5.92E+00,5.62E+00,95.0E+00,7.78E+00,7.56E+00,104.7E+00,-1.87E+03,-0.72E+03,1.68E+03,-0.91E+03,1.88E+03,1.32E+03,1.84E+03,5.04E+03,0.18E+03,0.67E+03,0.62E+03,4.77E+03,0.995E+00,0.541E+00,0.912E+00,0.181E+00,44.641E+03,-2.517E+03,25.418E+03,0.000E+03,0.00000E+00,0.018E+03,-0.094E+03,0.397E+03,0.000E+03,0.21E+03,-1.12E+03,4.77E+03,0.00E+03,0.044E+00
2023-02-08 17:25:00,0004:10:00,00000000,49.99E+00,232.4E+00,232.4E+00,0.0E+00,223.4E+00,223.4E+00,-118.6E+00,235.7E+00,235.6E+00,121.3E+00,7.79E+00,7.77E+00,-176.1E+00,5.84E+00,5.52E+00,115.1E+00,16.77E+00,16.70E+00,113.8E+00,-1.80E+03,-0.43E+03,3.90E+03,1.66E+03,1.81E+03,1.31E+03,3.95E+03,7.07E+03,0.18E+03,0.77E+03,0.64E+03,6.80E+03,0.995E+00,0.332E+00,0.987E+00,0.235E+00,44.780E+03,-2.517E+03,25.985E+03,0.000E+03,0.00000E+00,0.139E+03,0.000E+03,0.567E+03,0.000E+03,1.66E+03,0.00E+03,6.80E+03,0.00E+03,0.238E+00
2023-02-08 17:30:00,0004:15:00,00000000,50.01E+00,232.4E+00,232.3E+00,0.0E+00,223.9E+00,223.9E+00,-118.6E+00,236.1E+00,236.1E+00,121.2E+00,7.47E+00,7.44E+00,-176.0E+00,5.98E+00,5.81E+00,64.9E+00,15.07E+00,15.00E+00,121.3E+00,-1.73E+03,-1.24E+03,3.54E+03,0.57E+03,1.74E+03,1.34E+03,3.56E+03,6.63E+03,0.18E+03,0.34E+03,0.01E+03,6.60E+03,0.995E+00,0.929E+00,-0.994E+00,0.085E+00,44.827E+03,-2.517E+03,26.535E+03,0.000E+03,0.00000E+00,0.047E+03,0.000E+03,0.550E+03,0.000E+03,0.57E+03,0.00E+03,6.60E+03,0.00E+03,0.086E+00
2023-02-08 17:35:00,0004:20:00,00000000,49.99E+00,232.6E+00,232.5E+00,0.0E+00,223.4E+00,223.3E+00,-118.8E+00,236.8E+00,236.8E+00,121.2E+00,7.08E+00,7.05E+00,-175.8E+00,5.63E+00,5.21E+00,174.0E+00,6.80E+00,6.57E+00,107.7E+00,-1.64E+03,0.40E+03,1.49E+03,0.25E+03,1.65E+03,1.26E+03,1.61E+03,4.51E+03,0.18E+03,1.07E+03,0.52E+03,4.44E+03,0.994E+00,0.315E+00,0.929E+00,0.056E+00,44.859E+03,-2.528E+03,26.905E+03,0.000E+03,0.00000E+00,0.032E+03,-0.011E+03,0.370E+03,0.000E+03,0.38E+03,-0.13E+03,4.44E+03,0.00E+03,0.086E+00
2023-02-08 17:40:00,0004:25:00,00000000,50.01E+00,232.7E+00,232.7E+00,0.0E+00,223.5E+00,223.5E+00,-118.8E+00,237.2E+00,237.1E+00,121.2E+00,6.69E+00,6.67E+00,-175.7E+00,5.62E+00,5.22E+00,173.6E+00,4.41E+00,4.12E+00,104.2E+00,-1.55E+03,0.37E+03,0.92E+03,-0.25E+03,1.56E+03,1.26E+03,1.05E+03,3.86E+03,0.18E+03,1.03E+03,0.37E+03,3.77E+03,0.994E+00,0.297E+00,0.881E+00,0.066E+00,44.862E+03,-2.552E+03,27.219E+03,0.000E+03,0.00000E+00,0.003E+03,-0.024E+03,0.314E+03,0.000E+03,0.04E+03,-0.29E+03,3.77E+03,0.00E+03,0.010E+00
2023-02-08 17:45:00,0004:30:00,00000000,50.00E+00,232.7E+00,232.7E+00,0.0E+00,224.3E+00,224.3E+00,-118.9E+00,237.3E+00,237.3E+00,121.2E+00,6.43E+00,6.41E+00,-175.6E+00,5.17E+00,4.96E+00,69.7E+00,3.23E+00,2.85E+00,127.8E+00,-1.49E+03,-0.91E+03,0.66E+03,-1.73E+03,1.50E+03,1.16E+03,0.77E+03,3.42E+03,0.17E+03,0.39E+03,-0.31E+03,2.86E+03,0.994E+00,0.782E+00,-0.863E+00,0.506E+00,44.864E+03,-2.698E+03,27.457E+03,0.000E+03,0.00000E+00,0.002E+03,-0.146E+03,0.238E+03,0.000E+03,0.02E+03,-1.76E+03,2.86E+03,0.00E+03,0.008E+00
2023-02-08 17:50:00,0004:35:00,00000000,49.99E+00,233.1E+00,233.1E+00,0.0E+00,224.4E+00,224.4E+00,-118.9E+00,237.4E+00,237.4E+00,121.1E+00,6.20E+00,6.19E+00,-175.3E+00,5.93E+00,5.65E+00,154.3E+00,5.02E+00,4.78E+00,102.2E+00,-1.44E+03,0.04E+03,1.07E+03,-0.33E+03,1.44E+03,1.33E+03,1.19E+03,3.97E+03,0.15E+03,0.77E+03,0.52E+03,3.81E+03,0.995E+00,0.028E+00,0.899E+00,0.083E+00,44.884E+03,-2.745E+03,27.775E+03,0.000E+03,0.00000E+00,0.019E+03,-0.047E+03,0.318E+03,0.000E+03,0.23E+03,-0.56E+03,3.81E+03,0.00E+03,0.061E+00
2023-02-08 17:55:00,0004:40:00,00000000,50.01E+00,233.1E+00,233.0E+00,0.0E+00,224.8E+00,224.8E+00,-118.9E+00,237.6E+00,237.6E+00,121.2E+00,5.88E+00,5.87E+00,-175.1E+00,5.64E+00,5.60E+00,69.8E+00,4.24E+00,3.95E+00,102.5E+00,-1.36E+03,-0.91E+03,0.88E+03,-1.40E+03,1.37E+03,1.27E+03,1.01E+03,3.65E+03,0.14E+03,0.12E+03,0.50E+03,3.31E+03,0.994E+00,0.719E+00,0.870E+00,0.383E+00,44.884E+03,-2.862E+03,28.051E+03,0.000E+03,0.00000E+00,0.000E+03,-0.117E+03,0.276E+03,0.000E+03,0.00E+03,-1.40E+03,3.31E+03,0.00E+03,0.001E+00
2023-02-08 18:00:00,0004:45:00,00000000,50.00E+00,233.5E+00,233.5E+00,0.0E+00,224.9E+00,224.9E+00,-118.9E+00,238.0E+00,238.0E+00,121.2E+00,5.54E+00,5.53E+00,-174.9E+00,5.05E+00,4.99E+00,116.9E+00,3.30E+00,2.92E+00,117.8E+00,-1.29E+03,-0.32E+03,0.69E+03,-0.91E+03,1.29E+03,1.14E+03,0.78E+03,3.21E+03,0.14E+03,0.46E+03,0.37E+03,2.97E+03,0.994E+00,0.279E+00,0.880E+00,0.284E+00,44.884E+03,-2.938E+03,28.299E+03,0.000E+03,0.00000E+00,0.001E+03,-0.077E+03,0.248E+03,0.000E+03,0.01E+03,-0.92E+03,2.97E+03,0.00E+03,0.002E+00
2023-02-08 18:05:00,0004:50:00,00000000,50.00E+00,233.7E+00,233.7E+00,0.0E+00,225.2E+00,225.2E+00,-118.9E+00,238.1E+00,238.1E+00,121.2E+00,5.22E+00,5.21E+00,-174.6E+00,5.17E+00,5.12E+00,101.7E+00,5.36E+00,5.13E+00,100.8E+00,-1.21E+03,-0.41E+03,1.14E+03,-0.48E+03,1.22E+03,1.16E+03,1.28E+03,3.66E+03,0.14E+03,0.35E+03,0.57E+03,3.53E+03,0.993E+00,0.354E+00,0.895E+00,0.131E+00,44.903E+03,-2.997E+03,28.593E+03,0.000E+03,0.00000E+00,0.019E+03,-0.059E+03,0.294E+03,0.000E+03,0.22E+03,-0.70E+03,3.53E+03,0.00E+03,0.063E+00
2023-02-08 18:10:00,0004:55:00,00000000,50.00E+00,233.4E+00,233.4E+00,0.0E+00,224.9E+00,224.8E+00,-118.9E+00,237.9E+00,237.9E+00,121.2E+00,4.89E+00,4.88E+00,-174.3E+00,4.85E+00,4.80E+00,85.0E+00,4.81E+00,4.55E+00,108.5E+00,-1.13E+03,-0.54E+03,1.04E+03,-0.64E+03,1.14E+03,1.09E+03,1.14E+03,3.38E+03,0.14E+03,0.23E+03,0.28E+03,1.76E+03,0.992E+00,0.497E+00,0.907E+00,0.188E+00,44.917E+03,-3.065E+03,28.799E+03,-0.060E+03,0.00000E+00,0.015E+03,-0.068E+03,0.207E+03,-0.060E+03,0.18E+03,-0.81E+03,2.48E+03,-0.72E+03,0.071E+00
2023-02-08 18:15:00,0005:00:00,00000000,50.00E+00,233.7E+00,233.6E+00,0.0E+00,224.5E+00,224.5E+00,-118.9E+00,238.1E+00,238.1E+00,121.2E+00,4.52E+00,4.51E+00,-173.9E+00,5.15E+00,5.08E+00,163.5E+00,3.81E+00,3.49E+00,128.7E+00,-1.05E+03,0.13E+03,0.82E+03,-0.10E+03,1.06E+03,1.16E+03,0.91E+03,3.12E+03,0.14E+03,0.59E+03,-0.38E+03,1.14E+03,0.991E+00,0.110E+00,-0.908E+00,0.031E+00,44.947E+03,-3.103E+03,28.971E+03,-0.137E+03,0.00000E+00,0.030E+03,-0.038E+03,0.172E+03,-0.077E+03,0.36E+03,-0.45E+03,2.06E+03,-0.92E+03,0.171E+00
2023-02-08 18:20:00,0005:05:00,00000000,50.00E+00,233.5E+00,233.5E+00,0.0E+00,225.1E+00,225.1E+00,-118.9E+00,238.0E+00,238.0E+00,121.3E+00,4.16E+00,4.14E+00,-173.5E+00,4.16E+00,4.14E+00,62.4E+00,5.96E+00,5.74E+00,103.8E+00,-0.96E+03,-0.74E+03,1.29E+03,-0.41E+03,0.97E+03,0.94E+03,1.42E+03,3.33E+03,0.14E+03,-0.01E+03,0.50E+03,3.27E+03,0.990E+00,0.786E+00,0.910E+00,0.122E+00,44.952E+03,-3.142E+03,29.244E+03,-0.137E+03,0.00000E+00,0.005E+03,-0.039E+03,0.273E+03,0.000E+03,0.06E+03,-0.47E+03,3.27E+03,0.00E+03,0.019E+00
2023-02-08 18:25:00,0005:10:00,00000000,50.00E+00,233.8E+00,233.8E+00,0.0E+00,224.7E+00,224.7E+00,-118.9E+00,237.9E+00,237.9E+00,121.2E+00,3.83E+00,3.82E+00,-173.0E+00,5.18E+00,5.11E+00,-179.0E+00,7.03E+00,6.85E+00,109.2E+00,-0.89E+03,0.37E+03,1.58E+03,1.07E+03,0.90E+03,1.16E+03,1.67E+03,3.73E+03,0.14E+03,0.66E+03,0.37E+03,2.55E+03,0.988E+00,0.319E+00,0.947E+00,0.287E+00,45.047E+03,-3.147E+03,29.495E+03,-0.176E+03,0.00000E+00,0.095E+03,-0.006E+03,0.251E+03,-0.039E+03,1.14E+03,-0.07E+03,3.02E+03,-0.47E+03,0.354E+00
2023-02-08 18:30:00,0005:15:00,00000000,49.99E+00,233.7E+00,233.6E+00,0.0E+00,225.2E+00,225.1E+00,-118.9E+00,238.1E+00,238.1E+00,121.3E+00,3.47E+00,3.46E+00,-172.4E+00,3.70E+00,3.67E+00,62.3E+00,5.73E+00,5.51E+00,119.2E+00,-0.80E+03,-0.57E+03,1.31E+03,-0.06E+03,0.81E+03,0.83E+03,1.36E+03,3.01E+03,0.13E+03,-0.01E+03,0.10E+03,0.72E+03,0.986E+00,0.679E+00,0.960E+00,0.019E+00,45.060E+03,-3.164E+03,29.649E+03,-0.270E+03,0.00000E+00,0.012E+03,-0.017E+03,0.154E+03,-0.094E+03,0.15E+03,-0.20E+03,1.84E+03,-1.12E+03,0.079E+00
2023-02-08 18:35:00,0005:20:00,00000000,50.01E+00,233.6E+00,233.5E+00,0.0E+00,224.7E+00,224.6E+00,-118.9E+00,237.9E+00,237.9E+00,121.3E+00,3.18E+00,3.16E+00,-171.7E+00,5.03E+00,4.97E+00,-173.7E+00,6.62E+00,6.42E+00,102.7E+00,-0.73E+03,0.40E+03,1.44E+03,1.11E+03,0.74E+03,1.13E+03,1.57E+03,3.45E+03,0.13E+03,0.58E+03,0.64E+03,3.20E+03,0.983E+00,0.356E+00,0.914E+00,0.322E+00,45.152E+03,-3.164E+03,29.915E+03,-0.270E+03,0.00000E+00,0.093E+03,0.000E+03,0.266E+03,0.000E+03,1.11E+03,0.00E+03,3.20E+03,0.00E+03,0.328E+00
2023-02-08 18:40:00,0005:25:00,00000000,50.00E+00,233.6E+00,233.6E+00,0.0E+00,224.9E+00,224.9E+00,-118.9E+00,238.0E+00,238.0E+00,121.3E+00,2.86E+00,2.83E+00,-170.9E+00,4.04E+00,3.99E+00,137.1E+00,6.73E+00,6.54E+00,103.6E+00,-0.65E+03,-0.06E+03,1.48E+03,0.76E+03,0.67E+03,0.91E+03,1.60E+03,3.18E+03,0.13E+03,0.23E+03,0.55E+03,3.00E+03,0.980E+00,0.066E+00,0.921E+00,0.240E+00,45.216E+03,-3.164E+03,30.165E+03,-0.270E+03,0.00000E+00,0.063E+03,0.000E+03,0.250E+03,0.000E+03,0.76E+03,0.00E+03,3.00E+03,0.00E+03,0.246E+00
2023-02-08 18:45:00,0005:30:00,00000000,50.01E+00,233.6E+00,233.6E+00,0.0E+00,224.9E+00,224.9E+00,-118.9E+00,238.2E+00,238.2E+00,121.2E+00,2.49E+00,2.47E+00,-169.7E+00,3.86E+00,3.81E+00,166.3E+00,5.09E+00,4.85E+00,121.5E+00,-0.57E+03,0.07E+03,1.16E+03,0.66E+03,0.58E+03,0.87E+03,1.21E+03,2.66E+03,0.13E+03,0.27E+03,-0.36E+03,0.21E+03,0.975E+00,0.085E+00,-0.954E+00,0.249E+00,45.271E+03,-3.164E+03,30.278E+03,-0.365E+03,0.00000E+00,0.055E+03,-0.000E+03,0.113E+03,-0.096E+03,0.66E+03,-0.00E+03,1.35E+03,-1.15E+03,0.440E+00
2023-02-08 18:50:00,0005:35:00,00000000,50.00E+00,233.2E+00,233.1E+00,0.0E+00,224.3E+00,224.2E+00,-118.9E+00,237.6E+00,237.6E+00,121.3E+00,0.36E+00,0.36E+00,-168.1E+00,4.70E+00,4.66E+00,-152.4E+00,7.24E+00,7.06E+00,111.3E+00,-0.08E+03,0.80E+03,1.64E+03,2.36E+03,0.08E+03,1.05E+03,1.72E+03,2.86E+03,0.02E+03,0.55E+03,0.27E+03,0.86E+03,0.965E+00,0.760E+00,0.954E+00,0.826E+00,45.468E+03,-3.164E+03,30.372E+03,-0.387E+03,0.00000E+00,0.197E+03,0.000E+03,0.094E+03,-0.022E+03,2.36E+03,0.00E+03,1.12E+03,-0.27E+03,0.903E+00
2023-02-08 18:55:00,0005:40:00,00000000,50.03E+00,233.3E+00,233.3E+00,0.0E+00,224.4E+00,224.3E+00,-119.0E+00,237.6E+00,237.6E+00,121.3E+00,0.00E+00,0.00E+00,-2.5E+00,5.51E+00,5.50E+00,-121.1E+00,8.19E+00,8.04E+00,109.3E+00,0.00E+03,1.20E+03,1.86E+03,3.06E+03,0.00E+03,1.24E+03,1.95E+03,3.18E+03,0.00E+03,0.03E+03,0.53E+03,0.75E+03,0.000E+99,0.971E+00,0.958E+00,0.963E+00,45.723E+03,-3.164E+03,30.436E+03,-0.389E+03,0.00000E+00,0.255E+03,0.000E+03,0.064E+03,-0.002E+03,3.07E+03,0.00E+03,0.77E+03,-0.02E+03,0.970E+00
2023-02-08 19:00:00,0005:45:00,00000000,50.01E+00,233.3E+00,233.3E+00,0.0E+00,224.1E+00,224.1E+00,-119.1E+00,237.8E+00,237.8E+00,121.1E+00,0.00E+00,0.00E+00,-2.4E+00,9.23E+00,9.22E+00,-116.2E+00,6.56E+00,6.37E+00,124.3E+00,0.00E+03,2.06E+03,1.51E+03,3.58E+03,0.00E+03,2.07E+03,1.56E+03,3.63E+03,0.00E+03,-0.14E+03,-0.38E+03,-0.61E+03,0.000E+99,-0.998E+00,-0.970E+00,-0.986E+00,46.021E+03,-3.164E+03,30.436E+03,-0.440E+03,0.00000E+00,0.298E+03,0.000E+03,0.000E+03,-0.051E+03,3.58E+03,0.00E+03,0.00E+03,-0.61E+03,1.000E+00
2023-02-08 19:05:00,0005:50:00,00000000,49.99E+00,233.1E+00,233.0E+00,0.0E+00,224.1E+00,224.0E+00,-119.0E+00,237.5E+00,237.5E+00,121.2E+00,0.00E+00,0.00E+00,-2.4E+00,7.39E+00,7.39E+00,-116.3E+00,6.85E+00,6.71E+00,106.6E+00,0.00E+03,1.65E+03,1.49E+03,3.14E+03,0.00E+03,1.66E+03,1.63E+03,3.28E+03,0.00E+03,-0.11E+03,0.38E+03,0.50E+03,0.000E+99,-0.998E+00,0.917E+00,0.958E+00,46.283E+03,-3.164E+03,30.490E+03,-0.453E+03,0.00000E+00,0.262E+03,0.000E+03,0.055E+03,-0.013E+03,3.14E+03,0.00E+03,0.65E+03,-0.16E+03,0.979E+00
2023-02-08 19:10:00,0005:55:00,00000000,50.00E+00,233.1E+00,233.1E+00,0.0E+00,224.0E+00,224.0E+00,-119.0E+00,237.6E+00,237.6E+00,121.2E+00,0.00E+00,0.00E+00,-2.4E+00,8.46E+00,8.41E+00,-140.8E+00,6.74E+00,6.61E+00,99.7E+00,0.00E+03,1.75E+03,1.43E+03,3.17E+03,0.00E+03,1.89E+03,1.60E+03,3.49E+03,0.00E+03,0.73E+03,0.65E+03,1.41E+03,0.000E+99,0.922E+00,0.893E+00,0.909E+00,46.548E+03,-3.164E+03,30.608E+03,-0.453E+03,0.00000E+00,0.265E+03,0.000E+03,0.118E+03,0.000E+03,3.17E+03,0.00E+03,1.41E+03,0.00E+03,0.914E+00
2023-02-08 19:15:00,0006:00:00,00000000,50.00E+00,233.4E+00,233.4E+00,0.0E+00,224.0E+00,224.0E+00,-118.9E+00,237.7E+00,237.7E+00,121.2E+00,0.00E+00,0.00E+00,-2.4E+00,9.40E+00,9.34E+00,-144.1E+00,7.60E+00,7.45E+00,122.9E+00,0.00E+03,1.89E+03,1.77E+03,3.66E+03,0.00E+03,2.11E+03,1.81E+03,3.91E+03,0.00E+03,0.92E+03,-0.18E+03,1.38E+03,0.000E+99,0.899E+00,-0.979E+00,0.936E+00,46.853E+03,-3.164E+03,30.723E+03,-0.453E+03,0.00000E+00,0.305E+03,0.000E+03,0.115E+03,0.000E+03,3.66E+03,0.00E+03,1.38E+03,0.00E+03,0.936E+00
2023-02-08 19:20:00,0006:05:00,00000000,49.99E+00,233.2E+00,233.2E+00,0.0E+00,224.0E+00,224.0E+00,-118.9E+00,237.7E+00,237.7E+00,121.2E+00,0.00E+00,0.00E+00,-2.4E+00,9.22E+00,9.17E+00,-145.0E+00,8.67E+00,8.53E+00,117.5E+00,0.00E+03,1.84E+03,2.01E+03,3.85E+03,0.00E+03,2.07E+03,2.06E+03,4.13E+03,0.00E+03,0.93E+03,0.04E+03,1.47E+03,0.000E+99,0.892E+00,0.976E+00,0.934E+00,47.174E+03,-3.164E+03,30.846E+03,-0.453E+03,0.00000E+00,0.321E+03,0.000E+03,0.123E+03,0.000E+03,3.85E+03,0.00E+03,1.47E+03,0.00E+03,0.934E+00
2023-02-08 19:25:00,0006:10:00,00000000,50.00E+00,233.4E+00,233.4E+00,0.0E+00,224.5E+00,224.5E+00,-118.8E+00,238.1E+00,238.1E+00,121.3E+00,0.00E+00,0.00E+00,-2.4E+00,5.29E+00,5.26E+00,-145.7E+00,9.28E+00,9.16E+00,110.7E+00,0.00E+03,1.05E+03,2.14E+03,3.19E+03,0.00E+03,1.19E+03,2.21E+03,3.40E+03,0.00E+03,0.55E+03,0.55E+03,1.14E+03,0.000E+99,0.886E+00,0.969E+00,0.940E+00,47.440E+03,-3.164E+03,30.941E+03,-0.453E+03,0.00000E+00,0.266E+03,0.000E+03,0.095E+03,0.000E+03,3.19E+03,0.00E+03,1.14E+03,0.00E+03,0.942E+00
2023-02-08 19:30:00,0006:15:00,00000000,50.01E+00,233.4E+00,233.4E+00,0.0E+00,224.6E+00,224.5E+00,-118.9E+00,238.3E+00,238.2E+00,121.2E+00,0.00E+00,0.00E+00,-2.4E+00,5.71E+00,5.68E+00,-145.4E+00,7.68E+00,7.54E+00,121.4E+00,0.00E+03,1.14E+03,1.79E+03,2.93E+03,0.00E+03,1.28E+03,1.83E+03,3.11E+03,0.00E+03,0.59E+03,-0.21E+03,0.87E+03,0.000E+99,0.888E+00,-0.977E+00,0.940E+00,47.684E+03,-3.164E+03,31.020E+03,-0.460E+03,0.00000E+00,0.244E+03,0.000E+03,0.079E+03,-0.007E+03,2.93E+03,0.00E+03,0.95E+03,-0.09E+03,0.951E+00
2023-02-08 19:35:00,0006:20:00,00000000,50.00E+00,233.4E+00,233.4E+00,0.0E+00,224.9E+00,224.9E+00,-119.0E+00,238.3E+00,238.2E+00,121.3E+00,0.00E+00,0.00E+00,-2.4E+00,1.26E+00,1.25E+00,-146.8E+00,7.02E+00,6.87E+00,114.8E+00,0.00E+03,0.25E+03,1.61E+03,1.86E+03,0.00E+03,0.28E+03,1.67E+03,1.96E+03,0.00E+03,0.14E+03,0.09E+03,0.34E+03,0.000E+99,0.876E+00,0.962E+00,0.950E+00,47.839E+03,-3.164E+03,31.059E+03,-0.471E+03,0.00000E+00,0.155E+03,0.000E+03,0.039E+03,-0.011E+03,1.86E+03,0.00E+03,0.47E+03,-0.13E+03,0.969E+00
2023-02-08 19:40:00,0006:25:00,00000000,50.00E+00,233.6E+00,233.6E+00,0.0E+00,224.8E+00,224.8E+00,-118.9E+00,238.2E+00,238.2E+00,121.2E+00,0.00E+00,0.00E+00,-2.4E+00,5.96E+00,5.93E+00,-145.7E+00,8.49E+00,8.37E+00,104.6E+00,0.00E+03,1.19E+03,1.91E+03,3.10E+03,0.00E+03,1.34E+03,2.02E+03,3.36E+03,0.00E+03,0.62E+03,0.67E+03,1.31E+03,0.000E+99,0.887E+00,0.943E+00,0.921E+00,48.097E+03,-3.164E+03,31.168E+03,-0.471E+03,0.00000E+00,0.258E+03,0.000E+03,0.109E+03,0.000E+03,3.10E+03,0.00E+03,1.31E+03,0.00E+03,0.921E+00
2023-02-08 19:45:00,0006:30:00,00000000,49.99E+00,233.5E+00,233.5E+00,0.0E+00,225.0E+00,225.0E+00,-118.9E+00,238.3E+00,238.3E+00,121.2E+00,0.00E+00,0.00E+00,-2.4E+00,3.65E+00,3.63E+00,-144.4E+00,7.12E+00,6.98E+00,112.8E+00,0.00E+03,0.73E+03,1.64E+03,2.37E+03,0.00E+03,0.82E+03,1.70E+03,2.52E+03,0.00E+03,0.36E+03,0.44E+03,0.83E+03,0.000E+99,0.896E+00,0.964E+00,0.942E+00,48.294E+03,-3.164E+03,31.237E+03,-0.471E+03,0.00000E+00,0.197E+03,0.000E+03,0.069E+03,0.000E+03,2.37E+03,0.00E+03,0.83E+03,0.00E+03,0.944E+00
2023-02-08 19:50:00,0006:35:00,00000000,49.99E+00,231.1E+00,231.1E+00,0.0E+00,223.0E+00,223.0E+00,-118.8E+00,235.4E+00,235.4E+00,121.2E+00,0.00E+00,0.00E+00,-2.4E+00,2.06E+00,2.04E+00,-143.5E+00,15.70E+00,15.62E+00,118.5E+00,0.00E+03,0.41E+03,3.66E+03,4.08E+03,0.00E+03,0.46E+03,3.69E+03,4.15E+03,0.00E+03,0.20E+03,0.18E+03,0.40E+03,0.000E+99,0.901E+00,0.992E+00,0.982E+00,48.634E+03,-3.164E+03,31.281E+03,-0.480E+03,0.00000E+00,0.340E+03,0.000E+03,0.043E+03,-0.010E+03,4.08E+03,0.00E+03,0.52E+03,-0.12E+03,0.992E+00
2023-02-08 19:55:00,0006:40:00,00000000,50.01E+00,231.4E+00,231.3E+00,0.0E+00,222.9E+00,222.9E+00,-118.8E+00,234.9E+00,234.9E+00,121.2E+00,0.00E+00,0.00E+00,-2.4E+00,5.36E+00,5.33E+00,-142.5E+00,20.93E+00,20.89E+00,116.2E+00,0.00E+03,1.08E+03,4.89E+03,5.97E+03,0.00E+03,1.19E+03,4.92E+03,6.11E+03,0.00E+03,0.50E+03,0.54E+03,1.23E+03,0.000E+99,0.908E+00,0.994E+00,0.977E+00,49.132E+03,-3.164E+03,31.383E+03,-0.480E+03,0.00000E+00,0.498E+03,0.000E+03,0.103E+03,0.000E+03,5.97E+03,0.00E+03,1.23E+03,0.00E+03,0.979E+00
2023-02-08 20:00:00,0006:45:00,00000000,50.00E+00,231.0E+00,231.0E+00,0.0E+00,222.9E+00,222.9E+00,-118.7E+00,235.1E+00,235.1E+00,121.2E+00,0.00E+00,0.00E+00,-2.4E+00,2.51E+00,2.49E+00,-141.9E+00,18.60E+00,18.55E+00,120.7E+00,0.00E+03,0.51E+03,4.36E+03,4.86E+03,0.00E+03,0.56E+03,4.37E+03,4.93E+03,0.00E+03,0.23E+03,-0.15E+03,0.34E+03,0.000E+99,0.910E+00,0.996E+00,0.986E+00,49.537E+03,-3.164E+03,31.426E+03,-0.495E+03,0.00000E+00,0.405E+03,0.000E+03,0.043E+03,-0.014E+03,4.86E+03,0.00E+03,0.51E+03,-0.17E+03,0.995E+00
2023-02-08 20:05:00,0006:50:00,00000000,49.99E+00,230.8E+00,230.8E+00,0.0E+00,222.7E+00,222.6E+00,-118.8E+00,235.9E+00,235.8E+00,121.3E+00,0.00E+00,0.00E+00,-2.4E+00,2.51E+00,2.50E+00,-142.9E+00,6.97E+00,6.84E+00,117.7E+00,0.00E+03,0.51E+03,1.60E+03,2.10E+03,0.00E+03,0.56E+03,1.64E+03,2.20E+03,0.00E+03,0.23E+03,-0.05E+03,0.38E+03,0.000E+99,0.907E+00,0.971E+00,0.955E+00,49.712E+03,-3.164E+03,31.468E+03,-0.506E+03,0.00000E+00,0.175E+03,0.000E+03,0.043E+03,-0.011E+03,2.10E+03,0.00E+03,0.51E+03,-0.13E+03,0.972E+00
2023-02-08 20:10:00,0006:55:00,00000000,50.00E+00,230.9E+00,230.9E+00,0.0E+00,222.6E+00,222.6E+00,-118.9E+00,235.8E+00,235.8E+00,121.2E+00,0.00E+00,0.00E+00,-2.4E+00,5.10E+00,5.07E+00,-142.6E+00,8.23E+00,8.11E+00,108.7E+00,0.00E+03,1.03E+03,1.87E+03,2.90E+03,0.00E+03,1.14E+03,1.94E+03,3.08E+03,0.00E+03,0.47E+03,0.53E+03,1.02E+03,0.000E+99,0.908E+00,0.962E+00,0.942E+00,49.954E+03,-3.164E+03,31.553E+03,-0.506E+03,0.00000E+00,0.241E+03,0.000E+03,0.085E+03,0.000E+03,2.90E+03,0.00E+03,1.02E+03,0.00E+03,0.943E+00
2023-02-08 20:15:00,0007:00:00,00000000,50.00E+00,230.9E+00,230.9E+00,0.0E+00,222.8E+00,222.8E+00,-118.9E+00,235.9E+00,235.9E+00,121.2E+00,0.00E+00,0.00E+00,-2.4E+00,1.55E+00,1.54E+00,-141.9E+00,6.56E+00,6.42E+00,116.3E+00,0.00E+03,0.31E+03,1.50E+03,1.81E+03,0.00E+03,0.35E+03,1.55E+03,1.89E+03,0.00E+03,0.14E+03,0.17E+03,0.43E+03,0.000E+99,0.908E+00,0.970E+00,0.959E+00,50.105E+03,-3.164E+03,31.593E+03,-0.509E+03,0.00000E+00,0.151E+03,0.000E+03,0.040E+03,-0.004E+03,1.81E+03,0.00E+03,0.48E+03,-0.05E+03,0.967E+00
2023-02-08 20:20:00,0007:05:00,00000000,50.01E+00,231.0E+00,231.0E+00,0.0E+00,222.6E+00,222.6E+00,-118.9E+00,235.8E+00,235.7E+00,121.2E+00,0.00E+00,0.00E+00,-2.4E+00,3.51E+00,3.49E+00,-142.7E+00,7.67E+00,7.55E+00,117.8E+00,0.00E+03,0.71E+03,1.77E+03,2.48E+03,0.00E+03,0.78E+03,1.81E+03,2.59E+03,0.00E+03,0.32E+03,-0.09E+03,0.52E+03,0.000E+99,0.909E+00,0.977E+00,0.956E+00,50.311E+03,-3.164E+03,31.645E+03,-0.519E+03,0.00000E+00,0.206E+03,0.000E+03,0.052E+03,-0.009E+03,2.48E+03,0.00E+03,0.63E+03,-0.11E+03,0.969E+00
2023-02-08 20:25:00,0007:10:00,00000000,50.00E+00,229.3E+00,229.2E+00,0.0E+00,220.8E+00,220.8E+00,-118.9E+00,233.7E+00,233.7E+00,121.2E+00,0.00E+00,0.00E+00,-2.4E+00,4.92E+00,4.89E+00,-140.9E+00,8.59E+00,8.48E+00,111.1E+00,0.00E+03,0.99E+03,1.95E+03,2.95E+03,0.00E+03,1.08E+03,2.01E+03,3.09E+03,0.00E+03,0.42E+03,0.47E+03,0.92E+03,0.000E+99,0.919E+00,0.972E+00,0.953E+00,50.557E+03,-3.164E+03,31.722E+03,-0.519E+03,0.00000E+00,0.246E+03,0.000E+03,0.077E+03,0.000E+03,2.95E+03,0.00E+03,0.92E+03,0.00E+03,0.955E+00
2023-02-08 20:30:00,0007:15:00,00000000,50.00E+00,228.9E+00,228.9E+00,0.0E+00,221.0E+00,221.0E+00,-118.9E+00,233.9E+00,233.9E+00,121.2E+00,0.00E+00,0.00E+00,-2.4E+00,0.35E+00,0.34E+00,-140.0E+00,7.25E+00,7.12E+00,120.0E+00,0.00E+03,0.07E+03,1.65E+03,1.72E+03,0.00E+03,0.08E+03,1.69E+03,1.77E+03,0.00E+03,0.03E+03,-0.05E+03,0.01E+03,0.000E+99,0.893E+00,0.974E+00,0.970E+00,50.700E+03,-3.164E+03,31.740E+03,-0.536E+03,0.00000E+00,0.143E+03,0.000E+03,0.018E+03,-0.017E+03,1.72E+03,0.00E+03,0.21E+03,-0.20E+03,0.992E+00
2023-02-08 20:35:00,0007:20:00,00000000,50.01E+00,230.1E+00,230.1E+00,0.0E+00,221.9E+00,221.9E+00,-118.9E+00,235.4E+00,235.3E+00,121.2E+00,0.00E+00,0.00E+00,-2.4E+00,4.66E+00,4.64E+00,-142.1E+00,6.01E+00,5.86E+00,123.0E+00,0.00E+03,0.94E+03,1.37E+03,2.31E+03,0.00E+03,1.03E+03,1.41E+03,2.45E+03,0.00E+03,0.42E+03,-0.20E+03,0.60E+03,0.000E+99,0.913E+00,-0.967E+00,0.944E+00,50.892E+03,-3.164E+03,31.798E+03,-0.544E+03,0.00000E+00,0.193E+03,0.000E+03,0.058E+03,-0.009E+03,2.31E+03,0.00E+03,0.70E+03,-0.10E+03,0.957E+00
2023-02-08 20:40:00,0007:25:00,00000000,50.01E+00,230.2E+00,230.2E+00,0.0E+00,222.1E+00,222.0E+00,-118.9E+00,235.2E+00,235.2E+00,121.2E+00,0.00E+00,0.00E+00,-2.4E+00,4.15E+00,4.13E+00,-141.9E+00,7.20E+00,7.07E+00,108.0E+00,0.00E+03,0.84E+03,1.62E+03,2.46E+03,0.00E+03,0.92E+03,1.69E+03,2.61E+03,0.00E+03,0.37E+03,0.49E+03,0.88E+03,0.000E+99,0.914E+00,0.956E+00,0.941E+00,51.097E+03,-3.164E+03,31.871E+03,-0.544E+03,0.00000E+00,0.205E+03,0.000E+03,0.073E+03,0.000E+03,2.46E+03,0.00E+03,0.88E+03,0.00E+03,0.942E+00
2023-02-08 20:45:00,0007:30:00,00000000,49.99E+00,230.5E+00,230.5E+00,0.0E+00,222.4E+00,222.4E+00,-118.9E+00,235.3E+00,235.3E+00,121.2E+00,0.00E+00,0.00E+00,-2.4E+00,0.75E+00,0.75E+00,-144.0E+00,6.09E+00,5.94E+00,117.2E+00,0.00E+03,0.15E+03,1.38E+03,1.53E+03,0.00E+03,0.17E+03,1.43E+03,1.60E+03,0.00E+03,0.07E+03,0.02E+03,0.10E+03,0.000E+99,0.898E+00,0.961E+00,0.954E+00,51.225E+03,-3.164E+03,31.895E+03,-0.560E+03,0.00000E+00,0.127E+03,0.000E+03,0.024E+03,-0.016E+03,1.53E+03,0.00E+03,0.29E+03,-0.19E+03,0.983E+00
2023-02-08 20:50:00,0007:35:00,00000000,50.00E+00,230.7E+00,230.6E+00,0.0E+00,222.3E+00,222.2E+00,-118.9E+00,235.3E+00,235.3E+00,121.2E+00,0.00E+00,0.00E+00,-2.3E+00,4.76E+00,4.73E+00,-142.4E+00,6.48E+00,6.34E+00,120.7E+00,0.00E+03,0.96E+03,1.49E+03,2.45E+03,0.00E+03,1.06E+03,1.53E+03,2.58E+03,0.00E+03,0.44E+03,-0.13E+03,0.67E+03,0.000E+99,0.910E+00,0.974E+00,0.948E+00,51.428E+03,-3.164E+03,31.956E+03,-0.566E+03,0.00000E+00,0.204E+03,0.000E+03,0.061E+03,-0.006E+03,2.45E+03,0.00E+03,0.74E+03,-0.07E+03,0.957E+00
2023-02-08 20:55:00,0007:40:00,00000000,50.00E+00,230.9E+00,230.8E+00,0.0E+00,222.6E+00,222.6E+00,-118.9E+00,235.4E+00,235.4E+00,121.2E+00,0.00E+00,0.00E+00,-2.4E+00,3.14E+00,3.12E+00,-142.2E+00,8.08E+00,7.97E+00,105.9E+00,0.00E+03,0.64E+03,1.81E+03,2.45E+03,0.00E+03,0.70E+03,1.90E+03,2.60E+03,0.00E+03,0.29E+03,0.59E+03,0.88E+03,0.000E+99,0.911E+00,0.951E+00,0.940E+00,51.632E+03,-3.164E+03,32.030E+03,-0.566E+03,0.00000E+00,0.204E+03,0.000E+03,0.074E+03,0.000E+03,2.45E+03,0.00E+03,0.88E+03,0.00E+03,0.941E+00
2023-02-08 21:00:00,0007:45:00,00000000,50.00E+00,231.0E+00,231.0E+00,0.0E+00,222.8E+00,222.8E+00,-118.9E+00,235.8E+00,235.8E+00,121.2E+00,0.00E+00,0.00E+00,-2.4E+00,1.62E+00,1.61E+00,-143.3E+00,6.64E+00,6.50E+00,115.3E+00,0.00E+03,0.33E+03,1.51E+03,1.84E+03,0.00E+03,0.36E+03,1.56E+03,1.93E+03,0.00E+03,0.15E+03,0.08E+03,0.24E+03,0.000E+99,0.904E+00,0.965E+00,0.954E+00,51.785E+03,-3.164E+03,32.063E+03,-0.580E+03,0.00000E+00,0.153E+03,0.000E+03,0.033E+03,-0.014E+03,1.84E+03,0.00E+03,0.40E+03,-0.17E+03,0.977E+00
2023-02-08 21:05:00,0007:50:00,00000000,50.00E+00,231.2E+00,231.2E+00,0.0E+00,222.6E+00,222.6E+00,-118.9E+00,236.2E+00,236.1E+00,121.2E+00,0.00E+00,0.00E+00,-2.3E+00,4.76E+00,4.73E+00,-142.7E+00,5.72E+00,5.57E+00,122.8E+00,0.00E+03,0.96E+03,1.31E+03,2.27E+03,0.00E+03,1.06E+03,1.35E+03,2.41E+03,0.00E+03,0.44E+03,-0.31E+03,0.48E+03,0.000E+99,0.908E+00,-0.972E+00,0.944E+00,51.975E+03,-3.164E+03,32.116E+03,-0.592E+03,0.00000E+00,0.189E+03,0.000E+03,0.053E+03,-0.012E+03,2.27E+03,0.00E+03,0.63E+03,-0.15E+03,0.964E+00
2023-02-08 21:10:00,0007:55:00,00000000,50.00E+00,231.3E+00,231.3E+00,0.0E+00,223.1E+00,223.1E+00,-119.0E+00,236.2E+00,236.2E+00,121.2E+00,0.00E+00,0.00E+00,-2.4E+00,2.19E+00,2.18E+00,-142.6E+00,7.88E+00,7.76E+00,106.8E+00,0.00E+03,0.44E+03,1.77E+03,2.22E+03,0.00E+03,0.49E+03,1.86E+03,2.35E+03,0.00E+03,0.20E+03,0.56E+03,0.77E+03,0.000E+99,0.907E+00,0.954E+00,0.944E+00,52.160E+03,-3.164E+03,32.180E+03,-0.592E+03,0.00000E+00,0.185E+03,0.000E+03,0.064E+03,0.000E+03,2.22E+03,0.00E+03,0.77E+03,0.00E+03,0.945E+00
2023-02-08 21:15:00,0008:00:00,00000000,49.99E+00,231.5E+00,231.5E+00,0.0E+00,223.4E+00,223.3E+00,-119.0E+00,236.4E+00,236.3E+00,121.1E+00,0.00E+00,0.00E+00,-2.4E+00,2.48E+00,2.47E+00,-143.6E+00,6.51E+00,6.37E+00,115.8E+00,0.00E+03,0.50E+03,1.48E+03,1.98E+03,0.00E+03,0.55E+03,1.54E+03,2.09E+03,0.00E+03,0.24E+03,0.00E+03,0.25E+03,0.000E+99,0.903E+00,0.965E+00,0.949E+00,52.325E+03,-3.164E+03,32.217E+03,-0.609E+03,0.00000E+00,0.165E+03,0.000E+03,0.037E+03,-0.017E+03,1.98E+03,0.00E+03,0.45E+03,-0.20E+03,0.976E+00
2023-02-08 21:20:00,0008:05:00,00000000,50.00E+00,231.6E+00,231.6E+00,0.0E+00,223.3E+00,223.2E+00,-119.0E+00,236.4E+00,236.4E+00,121.1E+00,0.00E+00,0.00E+00,-2.4E+00,4.75E+00,4.72E+00,-143.1E+00,5.65E+00,5.50E+00,122.8E+00,0.00E+03,0.96E+03,1.30E+03,2.26E+03,0.00E+03,1.06E+03,1.34E+03,2.39E+03,0.00E+03,0.45E+03,-0.31E+03,0.48E+03,0.000E+99,0.905E+00,-0.972E+00,0.943E+00,52.513E+03,-3.164E+03,32.270E+03,-0.621E+03,0.00000E+00,0.188E+03,0.000E+03,0.053E+03,-0.013E+03,2.26E+03,0.00E+03,0.63E+03,-0.15E+03,0.963E+00
2023-02-08 21:25:00,0008:10:00,00000000,50.00E+00,231.4E+00,231.4E+00,0.0E+00,223.8E+00,223.7E+00,-118.9E+00,236.3E+00,236.3E+00,121.2E+00,0.00E+00,0.00E+00,-2.4E+00,0.83E+00,0.82E+00,-142.6E+00,8.12E+00,8.00E+00,104.8E+00,0.00E+03,0.17E+03,1.81E+03,1.98E+03,0.00E+03,0.19E+03,1.92E+03,2.10E+03,0.00E+03,0.08E+03,0.61E+03,0.69E+03,0.000E+99,0.898E+00,0.944E+00,0.940E+00,52.678E+03,-3.164E+03,32.328E+03,-0.622E+03,0.00000E+00,0.165E+03,0.000E+03,0.058E+03,-0.001E+03,1.98E+03,0.00E+03,0.70E+03,-0.01E+03,0.943E+00
2023-02-08 21:30:00,0008:15:00,00000000,50.00E+00,231.7E+00,231.7E+00,0.0E+00,223.7E+00,223.6E+00,-118.9E+00,236.6E+00,236.6E+00,121.1E+00,0.00E+00,0.00E+00,-2.4E+00,3.78E+00,3.76E+00,-143.5E+00,6.73E+00,6.60E+00,112.8E+00,0.00E+03,0.76E+03,1.53E+03,2.29E+03,0.00E+03,0.84E+03,1.59E+03,2.44E+03,0.00E+03,0.36E+03,0.44E+03,0.81E+03,0.000E+99,0.904E+00,0.959E+00,0.940E+00,52.869E+03,-3.164E+03,32.396E+03,-0.622E+03,0.00000E+00,0.191E+03,0.000E+03,0.068E+03,0.000E+03,2.29E+03,0.00E+03,0.81E+03,0.00E+03,0.943E+00
2023-02-08 21:35:00,0008:20:00,00000000,49.98E+00,231.8E+00,231.8E+00,0.0E+00,223.6E+00,223.6E+00,-119.0E+00,236.8E+00,236.7E+00,121.1E+00,0.00E+00,0.00E+00,-2.3E+00,4.60E+00,4.57E+00,-143.6E+00,5.47E+00,5.31E+00,125.3E+00,0.00E+03,0.93E+03,1.25E+03,2.18E+03,0.00E+03,1.03E+03,1.29E+03,2.32E+03,0.00E+03,0.44E+03,-0.21E+03,0.58E+03,0.000E+99,0.901E+00,-0.968E+00,0.938E+00,53.050E+03,-3.164E+03,32.453E+03,-0.631E+03,0.00000E+00,0.182E+03,0.000E+03,0.057E+03,-0.009E+03,2.18E+03,0.00E+03,0.68E+03,-0.10E+03,0.954E+00
2023-02-08 21:40:00,0008:25:00,00000000,50.01E+00,231.8E+00,231.8E+00,0.0E+00,224.2E+00,224.2E+00,-118.9E+00,236.9E+00,236.8E+00,121.1E+00,0.00E+00,0.00E+00,-2.4E+00,0.16E+00,0.15E+00,-139.5E+00,6.90E+00,6.77E+00,110.5E+00,0.00E+03,0.03E+03,1.57E+03,1.60E+03,0.00E+03,0.04E+03,1.63E+03,1.67E+03,0.00E+03,0.02E+03,0.35E+03,0.37E+03,0.000E+99,0.858E+00,0.958E+00,0.955E+00,53.183E+03,-3.164E+03,32.488E+03,-0.636E+03,0.00000E+00,0.133E+03,0.000E+03,0.036E+03,-0.005E+03,1.60E+03,0.00E+03,0.43E+03,-0.06E+03,0.966E+00
2023-02-08 21:45:00,0008:30:00,00000000,50.00E+00,232.0E+00,231.9E+00,0.0E+00,224.0E+00,224.0E+00,-118.9E+00,236.9E+00,236.9E+00,121.0E+00,0.00E+00,0.00E+00,-2.4E+00,4.38E+00,4.35E+00,-143.6E+00,5.95E+00,5.81E+00,115.4E+00,0.00E+03,0.88E+03,1.35E+03,2.23E+03,0.00E+03,0.98E+03,1.41E+03,2.39E+03,0.00E+03,0.42E+03,0.08E+03,0.51E+03,0.000E+99,0.903E+00,0.957E+00,0.935E+00,53.369E+03,-3.164E+03,32.545E+03,-0.650E+03,0.00000E+00,0.186E+03,0.000E+03,0.056E+03,-0.014E+03,2.23E+03,0.00E+03,0.68E+03,-0.17E+03,0.957E+00
2023-02-08 21:50:00,0008:35:00,00000000,50.00E+00,232.2E+00,232.1E+00,0.0E+00,224.2E+00,224.1E+00,-119.0E+00,237.1E+00,237.1E+00,121.0E+00,0.00E+00,0.00E+00,-2.4E+00,4.36E+00,4.33E+00,-143.4E+00,4.86E+00,4.69E+00,126.5E+00,0.00E+03,0.88E+03,1.11E+03,1.99E+03,0.00E+03,0.98E+03,1.15E+03,2.13E+03,0.00E+03,0.42E+03,-0.32E+03,0.41E+03,0.000E+99,0.903E+00,-0.960E+00,0.934E+00,53.535E+03,-3.164E+03,32.593E+03,-0.664E+03,0.00000E+00,0.166E+03,0.000E+03,0.048E+03,-0.014E+03,1.99E+03,0.00E+03,0.58E+03,-0.17E+03,0.960E+00
2023-02-08 21:55:00,0008:40:00,00000000,49.99E+00,232.1E+00,232.1E+00,0.0E+00,224.6E+00,224.6E+00,-118.9E+00,237.3E+00,237.3E+00,121.1E+00,0.00E+00,0.00E+00,-2.4E+00,0.21E+00,0.21E+00,-149.6E+00,6.30E+00,6.16E+00,113.3E+00,0.00E+03,0.04E+03,1.43E+03,1.47E+03,0.00E+03,0.05E+03,1.50E+03,1.54E+03,0.00E+03,0.02E+03,0.18E+03,0.23E+03,0.000E+99,0.850E+00,0.957E+00,0.953E+00,53.657E+03,-3.164E+03,32.622E+03,-0.674E+03,0.00000E+00,0.123E+03,0.000E+03,0.029E+03,-0.010E+03,1.47E+03,0.00E+03,0.34E+03,-0.12E+03,0.974E+00
2023-02-08 22:00:00,0008:45:00,00000000,50.01E+00,232.4E+00,232.4E+00,0.0E+00,224.5E+00,224.5E+00,-118.9E+00,237.4E+00,237.4E+00,121.1E+00,0.00E+00,0.00E+00,-2.4E+00,4.62E+00,4.59E+00,-143.9E+00,6.23E+00,6.09E+00,110.0E+00,0.00E+03,0.93E+03,1.41E+03,2.34E+03,0.00E+03,1.04E+03,1.48E+03,2.52E+03,0.00E+03,0.45E+03,0.45E+03,0.91E+03,0.000E+99,0.899E+00,0.953E+00,0.931E+00,53.853E+03,-3.164E+03,32.697E+03,-0.674E+03,0.00000E+00,0.195E+03,0.000E+03,0.076E+03,0.000E+03,2.34E+03,0.00E+03,0.91E+03,0.00E+03,0.932E+00
2023-02-08 22:05:00,0008:50:00,00000000,49.99E+00,232.2E+00,232.2E+00,0.0E+00,224.4E+00,224.4E+00,-118.9E+00,237.4E+00,237.4E+00,121.1E+00,0.00E+00,0.00E+00,-2.4E+00,3.08E+00,3.06E+00,-143.4E+00,5.09E+00,4.93E+00,120.0E+00,0.00E+03,0.62E+03,1.17E+03,1.79E+03,0.00E+03,0.69E+03,1.21E+03,1.90E+03,0.00E+03,0.30E+03,0.30E+03,0.61E+03,0.000E+99,0.901E+00,0.968E+00,0.944E+00,54.002E+03,-3.164E+03,32.748E+03,-0.674E+03,0.00000E+00,0.149E+03,0.000E+03,0.051E+03,0.000E+03,1.79E+03,0.00E+03,0.61E+03,0.00E+03,0.946E+00
2023-02-08 22:10:00,0008:55:00,00000000,50.01E+00,232.0E+00,232.0E+00,0.0E+00,224.2E+00,224.2E+00,-118.9E+00,237.4E+00,237.4E+00,121.0E+00,0.00E+00,0.00E+00,-2.4E+00,6.26E+00,6.25E+00,-122.0E+00,6.06E+00,5.92E+00,112.2E+00,0.00E+03,1.37E+03,1.37E+03,2.74E+03,0.00E+03,1.40E+03,1.44E+03,2.84E+03,0.00E+03,0.07E+03,0.37E+03,0.68E+03,0.000E+99,0.972E+00,0.955E+00,0.964E+00,54.230E+03,-3.164E+03,32.807E+03,-0.676E+03,0.00000E+00,0.228E+03,0.000E+03,0.059E+03,-0.002E+03,2.74E+03,0.00E+03,0.70E+03,-0.03E+03,0.968E+00
2023-02-08 22:15:00,0009:00:00,00000000,50.00E+00,232.1E+00,232.1E+00,0.0E+00,224.1E+00,224.0E+00,-119.0E+00,237.7E+00,237.7E+00,121.0E+00,0.00E+00,0.00E+00,-2.4E+00,10.54E+00,10.54E+00,-115.0E+00,6.23E+00,6.10E+00,105.5E+00,0.00E+03,2.35E+03,1.39E+03,3.74E+03,0.00E+03,2.36E+03,1.48E+03,3.84E+03,0.00E+03,-0.18E+03,0.40E+03,0.64E+03,0.000E+99,-0.997E+00,0.935E+00,0.973E+00,54.542E+03,-3.164E+03,32.870E+03,-0.686E+03,0.00000E+00,0.312E+03,0.000E+03,0.063E+03,-0.010E+03,3.74E+03,0.00E+03,0.76E+03,-0.12E+03,0.980E+00
2023-02-08 22:20:00,0009:05:00,00000000,50.00E+00,232.2E+00,232.2E+00,0.0E+00,224.2E+00,224.1E+00,-119.0E+00,238.1E+00,238.0E+00,121.0E+00,0.00E+00,0.00E+00,-2.4E+00,8.60E+00,8.60E+00,-115.1E+00,3.79E+00,3.62E+00,121.1E+00,0.00E+03,1.92E+03,0.86E+03,2.78E+03,0.00E+03,1.93E+03,0.90E+03,2.83E+03,0.00E+03,-0.15E+03,-0.18E+03,-0.51E+03,0.000E+99,-0.997E+00,-0.954E+00,-0.983E+00,54.774E+03,-3.164E+03,32.870E+03,-0.728E+03,0.00000E+00,0.232E+03,0.000E+03,0.000E+03,-0.042E+03,2.78E+03,0.00E+03,0.00E+03,-0.51E+03,1.000E+00
2023-02-08 22:25:00,0009:10:00,00000000,49.99E+00,232.5E+00,232.5E+00,0.0E+00,224.4E+00,224.3E+00,-118.9E+00,238.0E+00,238.0E+00,121.0E+00,0.00E+00,0.00E+00,-2.4E+00,8.62E+00,8.58E+00,-138.4E+00,4.42E+00,4.26E+00,113.0E+00,0.00E+03,1.81E+03,0.99E+03,2.80E+03,0.00E+03,1.93E+03,1.05E+03,2.98E+03,0.00E+03,0.67E+03,0.05E+03,0.93E+03,0.000E+99,0.937E+00,0.938E+00,0.938E+00,55.007E+03,-3.164E+03,32.952E+03,-0.732E+03,0.00000E+00,0.233E+03,0.000E+03,0.082E+03,-0.004E+03,2.80E+03,0.00E+03,0.98E+03,-0.05E+03,0.944E+00
2023-02-08 22:30:00,0009:15:00,00000000,50.01E+00,232.4E+00,232.3E+00,0.0E+00,224.2E+00,224.2E+00,-118.9E+00,237.7E+00,237.6E+00,121.0E+00,0.00E+00,0.00E+00,-2.4E+00,9.96E+00,9.91E+00,-141.0E+00,6.01E+00,5.88E+00,100.2E+00,0.00E+03,2.06E+03,1.30E+03,3.36E+03,0.00E+03,2.23E+03,1.43E+03,3.66E+03,0.00E+03,0.87E+03,0.57E+03,1.45E+03,0.000E+99,0.921E+00,0.912E+00,0.918E+00,55.287E+03,-3.164E+03,33.073E+03,-0.732E+03,0.00000E+00,0.280E+03,0.000E+03,0.121E+03,0.000E+03,3.36E+03,0.00E+03,1.45E+03,0.00E+03,0.918E+00
2023-02-08 22:35:00,0009:20:00,00000000,50.00E+00,232.3E+00,232.3E+00,0.0E+00,224.2E+00,224.1E+00,-118.9E+00,237.8E+00,237.8E+00,121.0E+00,0.00E+00,0.00E+00,-2.4E+00,9.51E+00,9.46E+00,-142.5E+00,3.79E+00,3.62E+00,120.5E+00,0.00E+03,1.94E+03,0.86E+03,2.80E+03,0.00E+03,2.13E+03,0.90E+03,3.03E+03,0.00E+03,0.88E+03,-0.15E+03,1.16E+03,0.000E+99,0.912E+00,0.953E+00,0.924E+00,55.520E+03,-3.164E+03,33.170E+03,-0.732E+03,0.00000E+00,0.234E+03,0.000E+03,0.097E+03,0.000E+03,2.80E+03,0.00E+03,1.16E+03,0.00E+03,0.924E+00
2023-02-08 22:40:00,0009:25:00,00000000,50.00E+00,232.2E+00,232.2E+00,0.0E+00,224.8E+00,224.7E+00,-118.9E+00,237.8E+00,237.8E+00,121.0E+00,0.00E+00,0.00E+00,-2.4E+00,2.64E+00,2.62E+00,-144.2E+00,4.00E+00,3.84E+00,116.2E+00,0.00E+03,0.53E+03,0.90E+03,1.43E+03,0.00E+03,0.59E+03,0.95E+03,1.54E+03,0.00E+03,0.26E+03,0.29E+03,0.56E+03,0.000E+99,0.896E+00,0.950E+00,0.929E+00,55.640E+03,-3.164E+03,33.216E+03,-0.732E+03,0.00000E+00,0.119E+03,0.000E+03,0.047E+03,0.000E+03,1.43E+03,0.00E+03,0.56E+03,0.00E+03,0.931E+00
2023-02-08 22:45:00,0009:30:00,00000000,50.00E+00,232.3E+00,232.3E+00,0.0E+00,224.8E+00,224.8E+00,-118.9E+00,237.6E+00,237.5E+00,121.0E+00,0.00E+00,0.00E+00,-2.4E+00,3.17E+00,3.16E+00,-144.0E+00,6.05E+00,5.92E+00,98.9E+00,0.00E+03,0.64E+03,1.30E+03,1.94E+03,0.00E+03,0.71E+03,1.44E+03,2.15E+03,0.00E+03,0.31E+03,0.61E+03,0.92E+03,0.000E+99,0.899E+00,0.905E+00,0.903E+00,55.802E+03,-3.164E+03,33.293E+03,-0.732E+03,0.00000E+00,0.162E+03,0.000E+03,0.077E+03,0.000E+03,1.94E+03,0.00E+03,0.92E+03,0.00E+03,0.903E+00
2023-02-08 22:45:00,STOP
