"HIOKI PW3365(Ver2.10)",S/N.170104446
"FOLDER",22070400
"WIRING",3P4W
"OPERATION",RMS
"FREQUENCY",50Hz
"THD",THD-F
"INTERVAL",5min
"U RANGE",400V
"U SENSOR",PW9020
"I RANGE",500A
"I SENSOR",9661(500A)
"VT(PT)",1
"CT",1
"ENERGY COST",0000.00,

2022-07-04 08:30:00,START
Date,Etime,Status,Freq_Avg[Hz],U1_Avg[V],Ufnd1_Avg[V],Udeg1_Avg[deg],U2_Avg[V],Ufnd2_Avg[V],Udeg2_Avg[deg],U3_Avg[V],Ufnd3_Avg[V],Udeg3_Avg[deg],I1_Avg[A],Ifnd1_Avg[A],Ideg1_Avg[deg],I2_Avg[A],Ifnd2_Avg[A],Ideg2_Avg[deg],I3_Avg[A],Ifnd3_Avg[A],Ideg3_Avg[deg],P1_Avg[W],P2_Avg[W],P3_Avg[W],P_Avg[W],S1_Avg[VA],S2_Avg[VA],S3_Avg[VA],S_Avg[VA],Q1_Avg[var],Q2_Avg[var],Q3_Avg[var],Q_Avg[var],PF1_Avg,PF2_Avg,PF3_Avg,PF_Avg,WP+[Wh],WP-[Wh],WQLAG[varh],WQLEAD[varh],Ecost,WP+dem[Wh],WP-dem[Wh],WQLAGdem[varh],WQLEADdem[varh],Pdem+[W],Pdem-[W],QdemLAG[var],QdemLEAD[var],PFdem
2022-07-04 09:13:21,POWER OFF
2022-07-04 09:13:39,POWER ON
2022-07-04 09:15:00,0000:45:00,10000000,50.00E+00,230.4E+00,230.4E+00,0.0E+00,221.2E+00,221.2E+00,-118.8E+00,233.8E+00,233.8E+00,121.1E+00,1.61E+00,1.57E+00,-40.8E+00,6.87E+00,6.75E+00,-115.4E+00,25.03E+00,24.96E+00,124.4E+00,0.27E+03,1.49E+03,5.82E+03,7.58E+03,0.37E+03,1.52E+03,5.85E+03,7.74E+03,0.24E+03,-0.30E+03,-0.57E+03,-0.05E+03,0.738E+00,-0.980E+00,-0.995E+00,-0.980E+00,4.418E+03,0.000E+03,0.382E+03,-0.520E+03,0.00000E+00,0.594E+03,0.000E+03,0.052E+03,-0.055E+03,7.13E+03,0.00E+03,0.62E+03,-0.66E+03,0.996E+00
2022-07-04 09:20:00,0000:50:00,00000000,50.01E+00,229.7E+00,229.6E+00,0.0E+00,220.6E+00,220.6E+00,-118.8E+00,233.6E+00,233.6E+00,121.1E+00,0.70E+00,0.70E+00,-41.6E+00,6.22E+00,6.12E+00,-116.1E+00,17.92E+00,17.79E+00,126.2E+00,0.12E+03,1.35E+03,4.13E+03,5.59E+03,0.16E+03,1.37E+03,4.18E+03,5.72E+03,0.11E+03,-0.24E+03,-0.59E+03,-0.55E+03,0.737E+00,-0.980E+00,-0.987E+00,-0.979E+00,4.884E+03,0.000E+03,0.402E+03,-0.585E+03,0.00000E+00,0.466E+03,0.000E+03,0.020E+03,-0.066E+03,5.59E+03,0.00E+03,0.24E+03,-0.79E+03,0.999E+00
2022-07-04 09:25:00,0000:55:00,00000000,50.01E+00,229.5E+00,229.5E+00,0.0E+00,220.4E+00,220.4E+00,-118.8E+00,234.3E+00,234.3E+00,121.2E+00,1.57E+00,1.55E+00,-42.8E+00,9.46E+00,9.40E+00,-134.2E+00,11.42E+00,11.24E+00,128.8E+00,0.26E+03,1.99E+03,2.61E+03,4.86E+03,0.36E+03,2.08E+03,2.68E+03,5.12E+03,0.25E+03,0.59E+03,-0.60E+03,1.45E+03,0.726E+00,0.956E+00,-0.975E+00,0.950E+00,5.289E+03,0.000E+03,0.526E+03,-0.589E+03,0.00000E+00,0.405E+03,0.000E+03,0.125E+03,-0.003E+03,4.86E+03,0.00E+03,1.49E+03,-0.04E+03,0.956E+00
2022-07-04 09:30:00,0001:00:00,00000000,50.00E+00,230.0E+00,229.9E+00,0.0E+00,220.6E+00,220.6E+00,-118.7E+00,234.6E+00,234.6E+00,121.2E+00,0.58E+00,0.54E+00,-22.8E+00,12.06E+00,11.97E+00,-135.8E+00,12.75E+00,12.61E+00,118.1E+00,0.11E+03,2.52E+03,2.95E+03,5.57E+03,0.13E+03,2.66E+03,2.99E+03,5.78E+03,0.04E+03,0.83E+03,0.46E+03,1.49E+03,0.798E+00,0.947E+00,0.987E+00,0.964E+00,5.754E+03,0.000E+03,0.650E+03,-0.589E+03,0.00000E+00,0.465E+03,0.000E+03,0.124E+03,0.000E+03,5.57E+03,0.00E+03,1.49E+03,0.00E+03,0.966E+00
2022-07-04 09:35:00,0001:05:00,00000000,49.99E+00,230.0E+00,230.0E+00,0.0E+00,220.6E+00,220.6E+00,-118.8E+00,235.0E+00,235.0E+00,121.2E+00,5.00E+00,4.95E+00,-43.7E+00,12.11E+00,11.91E+00,-141.5E+00,11.63E+00,11.48E+00,124.7E+00,0.82E+03,2.42E+03,2.67E+03,5.91E+03,1.15E+03,2.67E+03,2.73E+03,6.55E+03,0.80E+03,1.13E+03,-0.12E+03,2.82E+03,0.715E+00,0.907E+00,-0.976E+00,0.902E+00,6.247E+03,0.000E+03,0.885E+03,-0.589E+03,0.00000E+00,0.493E+03,0.000E+03,0.235E+03,0.000E+03,5.91E+03,0.00E+03,2.82E+03,0.00E+03,0.903E+00
2022-07-04 09:40:00,0001:10:00,00000000,50.03E+00,230.9E+00,230.9E+00,0.0E+00,221.3E+00,221.2E+00,-118.7E+00,235.5E+00,235.5E+00,121.1E+00,0.23E+00,0.20E+00,0.3E+00,11.80E+00,11.60E+00,-142.4E+00,10.63E+00,10.45E+00,133.6E+00,0.05E+03,2.35E+03,2.40E+03,4.80E+03,0.05E+03,2.61E+03,2.50E+03,5.17E+03,-0.01E+03,1.14E+03,-0.71E+03,1.92E+03,-0.887E+00,0.900E+00,-0.959E+00,0.928E+00,6.646E+03,0.000E+03,1.045E+03,-0.589E+03,0.00000E+00,0.400E+03,0.000E+03,0.160E+03,0.000E+03,4.80E+03,0.00E+03,1.92E+03,0.00E+03,0.929E+00
2022-07-04 09:45:00,0001:15:00,00000000,50.03E+00,231.2E+00,231.2E+00,0.0E+00,221.7E+00,221.7E+00,-118.6E+00,236.0E+00,236.0E+00,121.2E+00,0.00E+00,0.00E+00,-2.5E+00,9.78E+00,9.55E+00,-149.7E+00,10.61E+00,10.33E+00,129.1E+00,0.00E+03,1.80E+03,2.41E+03,4.20E+03,0.00E+03,2.17E+03,2.50E+03,4.67E+03,0.00E+03,1.17E+03,-0.69E+03,2.01E+03,0.000E+99,0.828E+00,-0.961E+00,0.899E+00,6.996E+03,0.000E+03,1.213E+03,-0.589E+03,0.00000E+00,0.350E+03,0.000E+03,0.167E+03,0.000E+03,4.20E+03,0.00E+03,2.01E+03,0.00E+03,0.902E+00
2022-07-04 09:50:00,0001:20:00,00000000,50.01E+00,230.8E+00,230.8E+00,0.0E+00,221.5E+00,221.4E+00,-118.7E+00,235.3E+00,235.2E+00,121.1E+00,1.50E+00,1.48E+00,-45.3E+00,9.62E+00,9.41E+00,-149.7E+00,11.92E+00,11.63E+00,123.8E+00,0.24E+03,1.76E+03,2.73E+03,4.73E+03,0.35E+03,2.13E+03,2.81E+03,5.28E+03,0.25E+03,1.15E+03,-0.64E+03,2.28E+03,0.692E+00,0.828E+00,-0.973E+00,0.896E+00,7.391E+03,0.000E+03,1.403E+03,-0.589E+03,0.00000E+00,0.394E+03,0.000E+03,0.190E+03,0.000E+03,4.73E+03,0.00E+03,2.28E+03,0.00E+03,0.901E+00
2022-07-04 09:55:00,0001:25:00,00000000,50.02E+00,230.9E+00,230.9E+00,0.0E+00,221.7E+00,221.6E+00,-118.8E+00,235.2E+00,235.2E+00,121.1E+00,3.85E+00,3.79E+00,-47.3E+00,9.81E+00,9.61E+00,-148.6E+00,14.48E+00,14.24E+00,122.7E+00,0.59E+03,1.83E+03,3.35E+03,5.76E+03,0.89E+03,2.17E+03,3.41E+03,6.47E+03,0.66E+03,1.14E+03,-0.64E+03,2.92E+03,0.662E+00,0.841E+00,-0.982E+00,0.891E+00,7.871E+03,0.000E+03,1.646E+03,-0.589E+03,0.00000E+00,0.480E+03,0.000E+03,0.243E+03,0.000E+03,5.76E+03,0.00E+03,2.92E+03,0.00E+03,0.892E+00
2022-07-04 10:00:00,0001:30:00,00000000,50.01E+00,231.9E+00,231.9E+00,0.0E+00,222.5E+00,222.5E+00,-118.6E+00,235.9E+00,235.8E+00,121.1E+00,0.00E+00,0.00E+00,-2.4E+00,9.63E+00,9.42E+00,-150.1E+00,14.87E+00,14.66E+00,122.7E+00,0.00E+03,1.77E+03,3.45E+03,5.22E+03,0.00E+03,2.14E+03,3.51E+03,5.65E+03,0.00E+03,1.17E+03,-0.61E+03,2.13E+03,0.000E+99,0.825E+00,-0.985E+00,0.924E+00,8.306E+03,0.000E+03,1.824E+03,-0.589E+03,0.00000E+00,0.435E+03,0.000E+03,0.177E+03,0.000E+03,5.22E+03,0.00E+03,2.13E+03,0.00E+03,0.926E+00
2022-07-04 10:05:00,0001:35:00,00000000,49.99E+00,231.7E+00,231.7E+00,0.0E+00,222.4E+00,222.3E+00,-118.6E+00,235.7E+00,235.7E+00,121.0E+00,0.00E+00,0.00E+00,-2.4E+00,9.15E+00,8.93E+00,-153.1E+00,14.79E+00,14.55E+00,122.5E+00,0.00E+03,1.61E+03,3.43E+03,5.04E+03,0.00E+03,2.04E+03,3.49E+03,5.52E+03,0.00E+03,1.19E+03,-0.63E+03,2.21E+03,0.000E+99,0.792E+00,-0.983E+00,0.913E+00,8.726E+03,0.000E+03,2.008E+03,-0.589E+03,0.00000E+00,0.420E+03,0.000E+03,0.184E+03,0.000E+03,5.04E+03,0.00E+03,2.21E+03,0.00E+03,0.916E+00
2022-07-04 10:10:00,0001:40:00,00000000,50.01E+00,231.2E+00,231.1E+00,0.0E+00,222.1E+00,222.0E+00,-118.6E+00,235.5E+00,235.5E+00,121.1E+00,2.66E+00,2.58E+00,-48.9E+00,8.59E+00,8.35E+00,-155.7E+00,14.97E+00,14.72E+00,121.9E+00,0.38E+03,1.45E+03,3.46E+03,5.29E+03,0.62E+03,1.91E+03,3.52E+03,6.05E+03,0.43E+03,1.19E+03,-0.64E+03,2.91E+03,0.612E+00,0.762E+00,-0.982E+00,0.875E+00,9.167E+03,0.000E+03,2.250E+03,-0.589E+03,0.00000E+00,0.441E+03,0.000E+03,0.242E+03,0.000E+03,5.29E+03,0.00E+03,2.91E+03,0.00E+03,0.876E+00
2022-07-04 10:15:00,0001:45:00,00000000,50.01E+00,231.8E+00,231.8E+00,0.0E+00,222.7E+00,222.6E+00,-118.7E+00,235.9E+00,235.9E+00,121.1E+00,2.40E+00,2.36E+00,-58.2E+00,8.42E+00,8.16E+00,-157.8E+00,14.38E+00,14.18E+00,121.1E+00,0.29E+03,1.38E+03,3.34E+03,5.01E+03,0.56E+03,1.87E+03,3.39E+03,5.82E+03,0.48E+03,1.21E+03,-0.17E+03,2.92E+03,0.515E+00,0.736E+00,-0.984E+00,0.860E+00,9.584E+03,0.000E+03,2.494E+03,-0.589E+03,0.00000E+00,0.417E+03,0.000E+03,0.244E+03,0.000E+03,5.01E+03,0.00E+03,2.92E+03,0.00E+03,0.864E+00
2022-07-04 10:20:00,0001:50:00,00000000,50.00E+00,232.5E+00,232.4E+00,0.0E+00,223.4E+00,223.4E+00,-118.5E+00,236.4E+00,236.4E+00,121.1E+00,0.29E+00,0.21E+00,-0.1E+00,8.36E+00,8.09E+00,-159.4E+00,14.36E+00,14.17E+00,118.7E+00,0.05E+03,1.34E+03,3.35E+03,4.73E+03,0.07E+03,1.87E+03,3.39E+03,5.33E+03,-0.01E+03,1.24E+03,0.58E+03,2.40E+03,0.683E+00,0.716E+00,0.985E+00,0.887E+00,9.978E+03,0.000E+03,2.694E+03,-0.589E+03,0.00000E+00,0.394E+03,0.000E+03,0.200E+03,0.000E+03,4.73E+03,0.00E+03,2.40E+03,0.00E+03,0.891E+00
2022-07-04 10:25:00,0001:55:00,00000000,50.00E+00,231.9E+00,231.9E+00,0.0E+00,222.9E+00,222.9E+00,-118.5E+00,236.2E+00,236.2E+00,121.2E+00,1.76E+00,1.59E+00,-82.4E+00,8.41E+00,8.14E+00,-157.7E+00,13.17E+00,12.96E+00,119.5E+00,0.03E+03,1.37E+03,3.06E+03,4.46E+03,0.41E+03,1.87E+03,3.11E+03,5.39E+03,0.24E+03,1.21E+03,0.57E+03,2.86E+03,0.063E+00,0.733E+00,0.983E+00,0.827E+00,10.350E+03,0.000E+03,2.933E+03,-0.589E+03,0.00000E+00,0.371E+03,0.000E+03,0.239E+03,0.000E+03,4.46E+03,0.00E+03,2.86E+03,0.00E+03,0.841E+00
2022-07-04 10:30:00,0002:00:00,00000000,49.99E+00,232.1E+00,232.1E+00,0.0E+00,223.0E+00,222.9E+00,-118.7E+00,236.6E+00,236.6E+00,121.1E+00,4.36E+00,4.26E+00,-73.6E+00,8.15E+00,7.88E+00,-159.6E+00,13.25E+00,13.05E+00,116.4E+00,0.28E+03,1.30E+03,3.07E+03,4.64E+03,1.01E+03,1.82E+03,3.14E+03,5.96E+03,0.97E+03,1.21E+03,0.64E+03,3.72E+03,0.273E+00,0.715E+00,0.979E+00,0.779E+00,10.737E+03,0.000E+03,3.243E+03,-0.589E+03,0.00000E+00,0.387E+03,0.000E+03,0.310E+03,0.000E+03,4.64E+03,0.00E+03,3.72E+03,0.00E+03,0.780E+00
2022-07-04 10:35:00,0002:05:00,00000000,49.99E+00,232.3E+00,232.3E+00,0.0E+00,222.9E+00,222.9E+00,-118.6E+00,236.1E+00,236.0E+00,121.2E+00,2.74E+00,2.52E+00,-178.7E+00,7.76E+00,7.48E+00,-162.9E+00,13.40E+00,13.20E+00,113.4E+00,-0.57E+03,1.16E+03,3.08E+03,3.67E+03,0.64E+03,1.73E+03,3.16E+03,5.53E+03,0.16E+03,1.22E+03,0.71E+03,4.11E+03,0.899E+00,0.671E+00,0.974E+00,0.663E+00,11.043E+03,0.000E+03,3.586E+03,-0.589E+03,0.00000E+00,0.306E+03,0.000E+03,0.343E+03,0.000E+03,3.67E+03,0.00E+03,4.11E+03,0.00E+03,0.666E+00
2022-07-04 10:40:00,0002:10:00,00000000,50.01E+00,232.6E+00,232.6E+00,0.0E+00,223.1E+00,223.0E+00,-118.6E+00,235.7E+00,235.6E+00,121.1E+00,3.04E+00,2.93E+00,-179.3E+00,7.55E+00,7.26E+00,-164.8E+00,23.34E+00,23.23E+00,120.4E+00,-0.68E+03,1.08E+03,5.47E+03,5.87E+03,0.71E+03,1.68E+03,5.50E+03,7.89E+03,0.14E+03,1.22E+03,0.55E+03,5.23E+03,0.962E+00,0.644E+00,0.995E+00,0.745E+00,11.532E+03,0.000E+03,4.021E+03,-0.589E+03,0.00000E+00,0.490E+03,0.000E+03,0.436E+03,0.000E+03,5.87E+03,0.00E+03,5.23E+03,0.00E+03,0.747E+00
2022-07-04 10:45:00,0002:15:00,00000000,50.00E+00,232.5E+00,232.4E+00,0.0E+00,223.1E+00,223.0E+00,-118.5E+00,235.6E+00,235.6E+00,121.1E+00,3.50E+00,3.45E+00,-179.3E+00,7.13E+00,6.83E+00,-169.7E+00,24.00E+00,23.89E+00,120.4E+00,-0.80E+03,0.92E+03,5.63E+03,5.74E+03,0.81E+03,1.59E+03,5.66E+03,8.06E+03,0.14E+03,1.23E+03,0.56E+03,5.64E+03,0.986E+00,0.576E+00,0.995E+00,0.712E+00,12.010E+03,0.000E+03,4.491E+03,-0.589E+03,0.00000E+00,0.478E+03,0.000E+03,0.470E+03,0.000E+03,5.74E+03,0.00E+03,5.64E+03,0.00E+03,0.713E+00
2022-07-04 10:50:00,0002:20:00,00000000,50.00E+00,232.4E+00,232.4E+00,0.0E+00,223.3E+00,223.3E+00,-118.5E+00,236.1E+00,236.1E+00,121.1E+00,4.28E+00,4.17E+00,-92.6E+00,6.87E+00,6.56E+00,-174.2E+00,22.02E+00,21.90E+00,120.4E+00,-0.04E+03,0.79E+03,5.17E+03,5.92E+03,1.00E+03,1.53E+03,5.20E+03,7.73E+03,0.92E+03,1.24E+03,0.53E+03,4.94E+03,0.042E+00,0.516E+00,0.994E+00,0.766E+00,12.504E+03,0.000E+03,4.903E+03,-0.589E+03,0.00000E+00,0.493E+03,0.000E+03,0.412E+03,0.000E+03,5.92E+03,0.00E+03,4.94E+03,0.00E+03,0.767E+00
2022-07-04 10:55:00,0002:25:00,00000000,50.00E+00,232.8E+00,232.8E+00,0.0E+00,223.4E+00,223.4E+00,-118.6E+00,237.0E+00,236.9E+00,121.1E+00,4.17E+00,4.09E+00,-156.8E+00,6.81E+00,6.50E+00,-178.1E+00,10.43E+00,10.20E+00,118.4E+00,-0.69E+03,0.70E+03,2.41E+03,2.43E+03,0.97E+03,1.52E+03,2.47E+03,4.97E+03,0.38E+03,1.27E+03,0.53E+03,4.25E+03,0.708E+00,0.461E+00,0.976E+00,0.489E+00,12.706E+03,0.000E+03,5.258E+03,-0.589E+03,0.00000E+00,0.202E+03,0.000E+03,0.354E+03,0.000E+03,2.43E+03,0.00E+03,4.25E+03,0.00E+03,0.496E+00
2022-07-04 11:00:00,0002:30:00,00000000,50.00E+00,233.0E+00,233.0E+00,0.0E+00,223.6E+00,223.6E+00,-118.6E+00,237.1E+00,237.0E+00,121.2E+00,4.12E+00,4.05E+00,-177.7E+00,6.84E+00,6.52E+00,-177.9E+00,9.90E+00,9.66E+00,118.5E+00,-0.94E+03,0.71E+03,2.29E+03,2.05E+03,0.96E+03,1.53E+03,2.35E+03,4.84E+03,0.15E+03,1.28E+03,0.53E+03,4.35E+03,0.981E+00,0.463E+00,0.974E+00,0.424E+00,12.877E+03,0.000E+03,5.620E+03,-0.589E+03,0.00000E+00,0.171E+03,0.000E+03,0.362E+03,0.000E+03,2.05E+03,0.00E+03,4.35E+03,0.00E+03,0.427E+00
2022-07-04 11:05:00,0002:35:00,00000000,49.99E+00,232.8E+00,232.8E+00,0.0E+00,223.4E+00,223.4E+00,-118.7E+00,237.0E+00,237.0E+00,121.2E+00,4.38E+00,4.32E+00,-177.8E+00,6.73E+00,6.41E+00,-179.3E+00,9.56E+00,9.36E+00,120.3E+00,-1.01E+03,0.66E+03,2.21E+03,1.87E+03,1.02E+03,1.50E+03,2.27E+03,4.79E+03,0.17E+03,1.26E+03,0.26E+03,4.38E+03,0.986E+00,0.442E+00,0.976E+00,0.390E+00,13.033E+03,0.000E+03,5.985E+03,-0.589E+03,0.00000E+00,0.156E+03,0.000E+03,0.365E+03,0.000E+03,1.87E+03,0.00E+03,4.38E+03,0.00E+03,0.393E+00
2022-07-04 11:10:00,0002:40:00,00000000,50.00E+00,232.8E+00,232.8E+00,0.0E+00,223.5E+00,223.5E+00,-118.7E+00,237.3E+00,237.3E+00,121.1E+00,4.42E+00,4.33E+00,-134.3E+00,6.69E+00,6.37E+00,179.6E+00,9.43E+00,9.24E+00,120.6E+00,-0.54E+03,0.64E+03,2.19E+03,2.28E+03,1.03E+03,1.50E+03,2.24E+03,4.76E+03,0.63E+03,1.27E+03,0.01E+03,4.17E+03,0.526E+00,0.426E+00,0.978E+00,0.479E+00,13.223E+03,0.000E+03,6.333E+03,-0.589E+03,0.00000E+00,0.190E+03,0.000E+03,0.348E+03,0.000E+03,2.28E+03,0.00E+03,4.17E+03,0.00E+03,0.480E+00
2022-07-04 11:15:00,0002:45:00,00000000,50.00E+00,232.7E+00,232.7E+00,0.0E+00,223.6E+00,223.6E+00,-118.7E+00,237.2E+00,237.2E+00,121.2E+00,4.36E+00,4.22E+00,-129.1E+00,6.01E+00,5.86E+00,172.4E+00,9.91E+00,9.71E+00,114.1E+00,-0.51E+03,0.42E+03,2.27E+03,2.19E+03,1.01E+03,1.34E+03,2.35E+03,4.71E+03,0.72E+03,1.14E+03,0.48E+03,4.07E+03,0.499E+00,0.316E+00,0.967E+00,0.466E+00,13.406E+03,0.000E+03,6.672E+03,-0.589E+03,0.00000E+00,0.183E+03,0.000E+03,0.339E+03,0.000E+03,2.19E+03,0.00E+03,4.07E+03,0.00E+03,0.474E+00
2022-07-04 11:20:00,0002:50:00,00000000,50.00E+00,232.7E+00,232.7E+00,0.0E+00,223.5E+00,223.4E+00,-118.6E+00,236.7E+00,236.7E+00,121.2E+00,4.48E+00,4.29E+00,-178.0E+00,5.46E+00,5.37E+00,166.2E+00,9.66E+00,9.44E+00,114.1E+00,-1.00E+03,0.28E+03,2.21E+03,1.49E+03,1.04E+03,1.22E+03,2.29E+03,4.55E+03,0.26E+03,1.08E+03,0.33E+03,4.23E+03,0.957E+00,0.230E+00,0.965E+00,0.327E+00,13.530E+03,0.000E+03,7.025E+03,-0.589E+03,0.00000E+00,0.124E+03,0.000E+03,0.353E+03,0.000E+03,1.49E+03,0.00E+03,4.23E+03,0.00E+03,0.332E+00
2022-07-04 11:25:00,0002:55:00,00000000,50.00E+00,232.8E+00,232.8E+00,0.0E+00,223.1E+00,223.1E+00,-118.8E+00,237.0E+00,237.0E+00,121.2E+00,4.91E+00,4.81E+00,-178.1E+00,8.40E+00,8.32E+00,-153.3E+00,7.61E+00,7.31E+00,123.5E+00,-1.12E+03,1.45E+03,1.73E+03,2.06E+03,1.14E+03,1.87E+03,1.80E+03,4.82E+03,0.23E+03,1.03E+03,-0.51E+03,4.32E+03,0.980E+00,0.776E+00,-0.959E+00,0.428E+00,13.702E+03,0.000E+03,7.385E+03,-0.589E+03,0.00000E+00,0.172E+03,0.000E+03,0.360E+03,0.000E+03,2.06E+03,0.00E+03,4.32E+03,0.00E+03,0.431E+00
2022-07-04 11:30:00,0003:00:00,00000000,50.00E+00,233.1E+00,233.1E+00,0.0E+00,223.0E+00,223.0E+00,-118.9E+00,237.6E+00,237.6E+00,121.1E+00,4.99E+00,4.88E+00,-171.8E+00,11.76E+00,11.67E+00,-138.1E+00,6.10E+00,5.79E+00,125.7E+00,-1.05E+03,2.45E+03,1.37E+03,2.77E+03,1.16E+03,2.62E+03,1.45E+03,5.23E+03,0.32E+03,0.91E+03,-0.47E+03,4.41E+03,0.898E+00,0.933E+00,-0.945E+00,0.529E+00,13.933E+03,0.000E+03,7.752E+03,-0.589E+03,0.00000E+00,0.231E+03,0.000E+03,0.368E+03,0.000E+03,2.77E+03,0.00E+03,4.41E+03,0.00E+03,0.532E+00
2022-07-04 11:35:00,0003:05:00,00000000,50.00E+00,232.3E+00,232.2E+00,0.0E+00,223.2E+00,223.2E+00,-119.0E+00,237.3E+00,237.2E+00,121.1E+00,4.65E+00,4.48E+00,-110.1E+00,7.65E+00,7.49E+00,-140.7E+00,5.91E+00,5.59E+00,125.9E+00,-0.36E+03,1.29E+03,1.32E+03,2.25E+03,1.08E+03,1.71E+03,1.40E+03,4.19E+03,1.02E+03,0.63E+03,-0.47E+03,3.40E+03,0.332E+00,0.753E+00,-0.941E+00,0.537E+00,14.120E+03,0.000E+03,8.036E+03,-0.589E+03,0.00000E+00,0.187E+03,0.000E+03,0.284E+03,0.000E+03,2.25E+03,0.00E+03,3.40E+03,0.00E+03,0.551E+00
2022-07-04 11:40:00,0003:10:00,00000000,50.00E+00,233.1E+00,233.1E+00,0.0E+00,224.3E+00,224.3E+00,-118.8E+00,237.6E+00,237.6E+00,121.2E+00,5.34E+00,5.26E+00,-176.5E+00,2.76E+00,2.41E+00,95.5E+00,6.00E+00,5.66E+00,125.6E+00,-1.20E+03,-0.44E+03,1.34E+03,-0.31E+03,1.25E+03,0.62E+03,1.43E+03,3.29E+03,0.25E+03,0.42E+03,-0.48E+03,3.27E+03,0.967E+00,0.715E+00,-0.940E+00,0.093E+00,14.121E+03,-0.027E+03,8.308E+03,-0.589E+03,0.00000E+00,0.002E+03,-0.027E+03,0.272E+03,-0.000E+03,0.02E+03,-0.32E+03,3.27E+03,-0.00E+03,0.006E+00
2022-07-04 11:45:00,0003:15:00,00000000,50.00E+00,233.2E+00,233.2E+00,0.0E+00,224.4E+00,224.4E+00,-118.8E+00,236.9E+00,236.9E+00,121.1E+00,5.53E+00,5.44E+00,-178.2E+00,2.80E+00,2.48E+00,94.2E+00,10.63E+00,10.39E+00,123.4E+00,-1.27E+03,-0.47E+03,2.45E+03,0.72E+03,1.29E+03,0.63E+03,2.52E+03,4.43E+03,0.22E+03,0.42E+03,-0.48E+03,4.21E+03,0.985E+00,0.743E+00,-0.975E+00,0.162E+00,14.203E+03,-0.049E+03,8.659E+03,-0.589E+03,0.00000E+00,0.082E+03,-0.022E+03,0.351E+03,0.000E+03,0.98E+03,-0.26E+03,4.21E+03,0.00E+03,0.227E+00
2022-07-04 11:50:00,0003:20:00,00000000,50.00E+00,233.7E+00,233.6E+00,0.0E+00,225.0E+00,224.9E+00,-118.5E+00,237.1E+00,237.1E+00,121.2E+00,5.64E+00,5.56E+00,-178.0E+00,2.85E+00,2.52E+00,93.7E+00,18.71E+00,18.60E+00,121.2E+00,-1.30E+03,-0.48E+03,4.41E+03,2.63E+03,1.32E+03,0.64E+03,4.44E+03,6.40E+03,0.22E+03,0.43E+03,-0.13E+03,5.83E+03,0.986E+00,0.747E+00,0.993E+00,0.411E+00,14.422E+03,-0.049E+03,9.145E+03,-0.589E+03,0.00000E+00,0.219E+03,0.000E+03,0.486E+03,0.000E+03,2.63E+03,0.00E+03,5.83E+03,0.00E+03,0.411E+00
2022-07-04 11:55:00,0003:25:00,00000000,50.00E+00,232.3E+00,232.3E+00,0.0E+00,224.1E+00,224.1E+00,-118.4E+00,235.9E+00,235.9E+00,121.3E+00,29.94E+00,29.92E+00,-3.8E+00,31.47E+00,31.44E+00,-121.6E+00,58.57E+00,58.54E+00,120.6E+00,6.91E+03,7.03E+03,13.80E+03,27.75E+03,6.96E+03,7.05E+03,13.82E+03,27.83E+03,0.58E+03,0.50E+03,0.51E+03,1.77E+03,0.994E+00,0.997E+00,0.999E+00,0.997E+00,16.735E+03,-0.049E+03,9.292E+03,-0.589E+03,0.00000E+00,2.312E+03,0.000E+03,0.147E+03,0.000E+03,27.75E+03,0.00E+03,1.77E+03,0.00E+03,0.998E+00
2022-07-04 12:00:00,0003:30:00,00000000,50.01E+00,232.9E+00,232.9E+00,0.0E+00,224.9E+00,224.8E+00,-118.5E+00,236.2E+00,236.2E+00,121.2E+00,28.72E+00,28.70E+00,-0.7E+00,30.39E+00,30.38E+00,-120.9E+00,56.94E+00,56.92E+00,119.0E+00,6.68E+03,6.83E+03,13.43E+03,26.94E+03,6.69E+03,6.83E+03,13.45E+03,26.98E+03,0.28E+03,0.32E+03,0.67E+03,1.29E+03,0.999E+00,0.999E+00,0.999E+00,0.999E+00,18.980E+03,-0.049E+03,9.400E+03,-0.589E+03,0.00000E+00,2.245E+03,0.000E+03,0.108E+03,0.000E+03,26.94E+03,0.00E+03,1.29E+03,0.00E+03,0.999E+00
2022-07-04 12:05:00,0003:35:00,00000000,50.01E+00,232.9E+00,232.9E+00,0.0E+00,224.8E+00,224.7E+00,-118.6E+00,236.4E+00,236.4E+00,121.1E+00,28.08E+00,28.07E+00,-0.8E+00,30.20E+00,30.19E+00,-121.0E+00,53.67E+00,53.65E+00,120.1E+00,6.54E+03,6.78E+03,12.67E+03,25.99E+03,6.54E+03,6.79E+03,12.69E+03,26.01E+03,0.21E+03,0.32E+03,0.40E+03,1.10E+03,0.999E+00,0.999E+00,0.999E+00,0.999E+00,21.146E+03,-0.049E+03,9.491E+03,-0.589E+03,0.00000E+00,2.166E+03,0.000E+03,0.091E+03,0.000E+03,25.99E+03,0.00E+03,1.10E+03,0.00E+03,0.999E+00
2022-07-04 12:10:00,0003:40:00,00000000,50.01E+00,230.7E+00,230.7E+00,0.0E+00,222.7E+00,222.7E+00,-118.6E+00,233.9E+00,233.8E+00,121.0E+00,27.47E+00,27.46E+00,-0.8E+00,29.67E+00,29.67E+00,-120.9E+00,52.24E+00,52.22E+00,120.5E+00,6.33E+03,6.60E+03,12.21E+03,25.14E+03,6.34E+03,6.61E+03,12.22E+03,25.16E+03,0.20E+03,0.31E+03,0.45E+03,0.97E+03,1.000E+00,0.999E+00,0.999E+00,0.999E+00,23.241E+03,-0.049E+03,9.572E+03,-0.589E+03,0.00000E+00,2.095E+03,0.000E+03,0.081E+03,0.000E+03,25.14E+03,0.00E+03,0.97E+03,0.00E+03,0.999E+00
2022-07-04 12:15:00,0003:45:00,00000000,50.01E+00,230.4E+00,230.3E+00,0.0E+00,222.0E+00,222.0E+00,-118.6E+00,233.7E+00,233.7E+00,121.0E+00,27.41E+00,27.41E+00,-0.8E+00,32.06E+00,32.05E+00,-122.6E+00,48.53E+00,48.50E+00,120.6E+00,6.31E+03,7.09E+03,11.33E+03,24.74E+03,6.31E+03,7.12E+03,11.34E+03,24.78E+03,0.20E+03,0.53E+03,0.45E+03,1.27E+03,1.000E+00,0.996E+00,0.999E+00,0.999E+00,25.303E+03,-0.049E+03,9.677E+03,-0.589E+03,0.00000E+00,2.062E+03,0.000E+03,0.106E+03,0.000E+03,24.74E+03,0.00E+03,1.27E+03,0.00E+03,0.999E+00
2022-07-04 12:20:00,0003:50:00,00000000,50.01E+00,230.9E+00,230.9E+00,0.0E+00,222.0E+00,222.0E+00,-118.7E+00,234.3E+00,234.3E+00,121.0E+00,27.58E+00,27.57E+00,-0.9E+00,37.07E+00,37.06E+00,-125.6E+00,48.84E+00,48.80E+00,120.4E+00,6.36E+03,8.17E+03,11.43E+03,25.96E+03,6.37E+03,8.23E+03,11.44E+03,26.04E+03,0.22E+03,1.02E+03,0.50E+03,2.02E+03,0.999E+00,0.992E+00,0.999E+00,0.997E+00,27.466E+03,-0.049E+03,9.846E+03,-0.589E+03,0.00000E+00,2.164E+03,0.000E+03,0.169E+03,0.000E+03,25.96E+03,0.00E+03,2.02E+03,0.00E+03,0.997E+00
2022-07-04 12:25:00,0003:55:00,00000000,49.99E+00,230.9E+00,230.9E+00,0.0E+00,222.1E+00,222.1E+00,-118.8E+00,234.7E+00,234.7E+00,120.9E+00,28.82E+00,28.80E+00,-3.1E+00,36.52E+00,36.50E+00,-125.9E+00,46.48E+00,46.45E+00,120.9E+00,6.63E+03,8.04E+03,10.90E+03,25.57E+03,6.65E+03,8.11E+03,10.90E+03,25.67E+03,0.49E+03,1.03E+03,0.24E+03,2.23E+03,0.996E+00,0.992E+00,0.999E+00,0.996E+00,29.597E+03,-0.049E+03,10.032E+03,-0.589E+03,0.00000E+00,2.131E+03,0.000E+03,0.186E+03,0.000E+03,25.57E+03,0.00E+03,2.23E+03,0.00E+03,0.996E+00
2022-07-04 12:30:00,0004:00:00,00000000,49.99E+00,230.3E+00,230.2E+00,0.0E+00,221.7E+00,221.6E+00,-119.0E+00,235.2E+00,235.2E+00,120.9E+00,31.41E+00,31.39E+00,-8.2E+00,37.11E+00,37.09E+00,-125.4E+00,36.45E+00,36.42E+00,121.0E+00,7.15E+03,8.17E+03,8.56E+03,23.89E+03,7.23E+03,8.23E+03,8.57E+03,24.03E+03,1.07E+03,0.96E+03,0.25E+03,2.66E+03,0.989E+00,0.993E+00,-0.999E+00,0.994E+00,31.588E+03,-0.049E+03,10.253E+03,-0.589E+03,0.00000E+00,1.991E+03,0.000E+03,0.221E+03,0.000E+03,23.89E+03,0.00E+03,2.66E+03,0.00E+03,0.994E+00
2022-07-04 12:35:00,0004:05:00,00000000,49.99E+00,230.6E+00,230.6E+00,0.0E+00,221.6E+00,221.6E+00,-118.9E+00,235.0E+00,235.0E+00,121.0E+00,28.64E+00,28.62E+00,-3.9E+00,38.77E+00,38.75E+00,-124.2E+00,37.11E+00,37.07E+00,118.9E+00,6.57E+03,8.55E+03,8.70E+03,23.82E+03,6.60E+03,8.59E+03,8.72E+03,23.92E+03,0.54E+03,0.86E+03,0.47E+03,2.10E+03,0.995E+00,0.995E+00,0.998E+00,0.996E+00,33.573E+03,-0.049E+03,10.428E+03,-0.589E+03,0.00000E+00,1.985E+03,0.000E+03,0.175E+03,0.000E+03,23.82E+03,0.00E+03,2.10E+03,0.00E+03,0.996E+00
2022-07-04 12:40:00,0004:10:00,00000000,50.00E+00,230.5E+00,230.5E+00,0.0E+00,221.7E+00,221.6E+00,-118.9E+00,234.7E+00,234.7E+00,121.0E+00,28.09E+00,28.08E+00,-0.9E+00,35.96E+00,35.93E+00,-125.9E+00,37.27E+00,37.24E+00,119.1E+00,6.47E+03,7.90E+03,8.73E+03,23.11E+03,6.47E+03,7.97E+03,8.75E+03,23.19E+03,0.24E+03,1.01E+03,0.40E+03,2.00E+03,0.999E+00,0.992E+00,0.998E+00,0.996E+00,35.498E+03,-0.049E+03,10.595E+03,-0.589E+03,0.00000E+00,1.926E+03,0.000E+03,0.167E+03,0.000E+03,23.11E+03,0.00E+03,2.00E+03,0.00E+03,0.996E+00
2022-07-04 12:45:00,0004:15:00,00000000,50.01E+00,230.1E+00,230.1E+00,0.0E+00,221.3E+00,221.3E+00,-118.9E+00,234.4E+00,234.4E+00,120.9E+00,29.24E+00,29.23E+00,-4.1E+00,36.44E+00,36.38E+00,-126.9E+00,38.05E+00,38.00E+00,120.3E+00,6.69E+03,7.97E+03,8.90E+03,23.57E+03,6.73E+03,8.07E+03,8.92E+03,23.71E+03,0.57E+03,1.21E+03,0.37E+03,2.58E+03,0.995E+00,0.989E+00,0.998E+00,0.994E+00,37.463E+03,-0.049E+03,10.810E+03,-0.589E+03,0.00000E+00,1.964E+03,0.000E+03,0.215E+03,0.000E+03,23.57E+03,0.00E+03,2.58E+03,0.00E+03,0.994E+00
2022-07-04 12:50:00,0004:20:00,00000000,50.00E+00,230.8E+00,230.8E+00,0.0E+00,222.1E+00,222.1E+00,-118.9E+00,235.0E+00,235.0E+00,120.9E+00,18.23E+00,18.19E+00,-16.0E+00,18.85E+00,18.64E+00,-135.5E+00,22.84E+00,22.70E+00,116.5E+00,2.84E+03,3.76E+03,5.28E+03,11.88E+03,4.20E+03,4.18E+03,5.36E+03,13.74E+03,0.86E+03,1.21E+03,0.53E+03,3.80E+03,0.678E+00,0.899E+00,0.985E+00,0.865E+00,38.455E+03,-0.052E+03,11.126E+03,-0.589E+03,0.00000E+00,0.993E+03,-0.003E+03,0.317E+03,0.000E+03,11.91E+03,-0.04E+03,3.80E+03,0.00E+03,0.953E+00
2022-07-04 12:55:00,0004:25:00,00000000,49.99E+00,231.8E+00,231.7E+00,0.0E+00,222.7E+00,222.7E+00,-118.7E+00,234.5E+00,234.5E+00,120.8E+00,7.21E+00,7.15E+00,-178.6E+00,5.92E+00,5.58E+00,155.0E+00,18.30E+00,18.15E+00,121.1E+00,-1.66E+03,0.07E+03,4.25E+03,2.66E+03,1.67E+03,1.32E+03,4.29E+03,7.28E+03,0.21E+03,1.20E+03,0.09E+03,6.71E+03,0.992E+00,0.054E+00,-0.991E+00,0.366E+00,38.677E+03,-0.052E+03,11.685E+03,-0.589E+03,0.00000E+00,0.222E+03,0.000E+03,0.559E+03,0.000E+03,2.66E+03,0.00E+03,6.71E+03,0.00E+03,0.369E+00
2022-07-04 13:00:00,0004:30:00,00000000,50.03E+00,232.0E+00,232.0E+00,0.0E+00,222.8E+00,222.8E+00,-118.7E+00,234.9E+00,234.9E+00,120.9E+00,5.74E+00,5.67E+00,-178.4E+00,6.08E+00,5.73E+00,172.6E+00,18.46E+00,18.39E+00,122.3E+00,-1.32E+03,0.43E+03,4.32E+03,3.43E+03,1.33E+03,1.36E+03,4.34E+03,7.02E+03,0.20E+03,1.20E+03,-0.30E+03,6.10E+03,0.988E+00,0.321E+00,-0.995E+00,0.489E+00,38.963E+03,-0.052E+03,12.194E+03,-0.589E+03,0.00000E+00,0.286E+03,0.000E+03,0.509E+03,0.000E+03,3.43E+03,0.00E+03,6.10E+03,0.00E+03,0.490E+00
2022-07-04 13:05:00,0004:35:00,00000000,49.98E+00,232.3E+00,232.3E+00,0.0E+00,223.4E+00,223.4E+00,-118.7E+00,235.9E+00,235.9E+00,120.9E+00,4.97E+00,4.83E+00,-121.8E+00,6.59E+00,6.27E+00,-170.1E+00,17.89E+00,17.83E+00,122.9E+00,-0.56E+03,0.86E+03,4.20E+03,4.51E+03,1.16E+03,1.47E+03,4.22E+03,6.85E+03,0.95E+03,1.17E+03,-0.30E+03,5.10E+03,0.481E+00,0.585E+00,-0.996E+00,0.658E+00,39.339E+03,-0.052E+03,12.619E+03,-0.589E+03,0.00000E+00,0.376E+03,0.000E+03,0.425E+03,0.000E+03,4.51E+03,0.00E+03,5.10E+03,0.00E+03,0.662E+00
2022-07-04 13:10:00,0004:40:00,00000000,50.00E+00,232.4E+00,232.3E+00,0.0E+00,223.2E+00,223.2E+00,-118.7E+00,235.2E+00,235.2E+00,120.9E+00,5.14E+00,4.90E+00,-139.5E+00,6.40E+00,6.17E+00,-169.2E+00,22.31E+00,22.26E+00,122.4E+00,-0.65E+03,0.85E+03,5.23E+03,5.43E+03,1.19E+03,1.43E+03,5.25E+03,7.87E+03,0.71E+03,1.10E+03,-0.38E+03,5.49E+03,0.546E+00,0.594E+00,-0.997E+00,0.690E+00,39.791E+03,-0.052E+03,13.076E+03,-0.589E+03,0.00000E+00,0.452E+03,0.000E+03,0.457E+03,0.000E+03,5.43E+03,0.00E+03,5.49E+03,0.00E+03,0.703E+00
2022-07-04 13:15:00,0004:45:00,00000000,50.00E+00,232.5E+00,232.5E+00,0.0E+00,223.4E+00,223.4E+00,-118.6E+00,235.4E+00,235.3E+00,121.1E+00,6.50E+00,6.40E+00,-178.3E+00,5.55E+00,5.29E+00,147.9E+00,18.28E+00,18.21E+00,120.2E+00,-1.49E+03,-0.06E+03,4.28E+03,2.72E+03,1.51E+03,1.24E+03,4.30E+03,7.06E+03,0.24E+03,1.10E+03,0.05E+03,6.47E+03,0.984E+00,0.052E+00,0.994E+00,0.386E+00,40.018E+03,-0.052E+03,13.615E+03,-0.589E+03,0.00000E+00,0.227E+03,0.000E+03,0.539E+03,0.000E+03,2.72E+03,0.00E+03,6.47E+03,0.00E+03,0.388E+00
2022-07-04 13:20:00,0004:50:00,00000000,49.99E+00,232.5E+00,232.5E+00,0.0E+00,223.9E+00,223.9E+00,-118.5E+00,235.6E+00,235.5E+00,121.1E+00,5.61E+00,5.42E+00,-165.8E+00,5.73E+00,5.39E+00,136.1E+00,18.94E+00,18.87E+00,117.8E+00,-1.08E+03,-0.30E+03,4.43E+03,3.05E+03,1.30E+03,1.28E+03,4.46E+03,7.05E+03,0.45E+03,1.17E+03,0.37E+03,6.27E+03,0.830E+00,0.234E+00,0.994E+00,0.433E+00,40.272E+03,-0.052E+03,14.138E+03,-0.589E+03,0.00000E+00,0.254E+03,0.000E+03,0.523E+03,0.000E+03,3.05E+03,0.00E+03,6.27E+03,0.00E+03,0.437E+00
2022-07-04 13:25:00,0004:55:00,00000000,50.01E+00,232.1E+00,232.1E+00,0.0E+00,223.8E+00,223.7E+00,-118.8E+00,236.4E+00,236.4E+00,121.0E+00,4.98E+00,4.70E+00,-110.3E+00,5.11E+00,5.00E+00,129.5E+00,10.45E+00,10.31E+00,126.7E+00,-0.35E+03,-0.40E+03,1.67E+03,0.92E+03,1.15E+03,1.14E+03,2.47E+03,4.77E+03,1.01E+03,1.03E+03,-0.36E+03,4.03E+03,0.299E+00,0.351E+00,-0.676E+00,0.193E+00,40.413E+03,-0.116E+03,14.474E+03,-0.589E+03,0.00000E+00,0.141E+03,-0.064E+03,0.336E+03,0.000E+03,1.69E+03,-0.77E+03,4.03E+03,0.00E+03,0.386E+00
2022-07-04 13:30:00,0005:00:00,00000000,49.99E+00,232.5E+00,232.5E+00,0.0E+00,223.7E+00,223.6E+00,-118.8E+00,236.4E+00,236.4E+00,121.0E+00,6.18E+00,6.01E+00,-178.3E+00,5.63E+00,5.33E+00,132.1E+00,3.87E+00,3.31E+00,65.2E+00,-1.40E+03,-0.37E+03,0.19E+03,-1.58E+03,1.44E+03,1.26E+03,0.91E+03,3.61E+03,0.28E+03,1.14E+03,0.40E+03,2.94E+03,0.972E+00,0.292E+00,0.203E+00,0.437E+00,40.427E+03,-0.261E+03,14.719E+03,-0.589E+03,0.00000E+00,0.014E+03,-0.146E+03,0.245E+03,0.000E+03,0.17E+03,-1.75E+03,2.94E+03,0.00E+03,0.058E+00
2022-07-04 13:35:00,0005:05:00,00000000,50.00E+00,232.2E+00,232.2E+00,0.0E+00,223.5E+00,223.5E+00,-118.8E+00,236.3E+00,236.3E+00,121.1E+00,6.22E+00,6.07E+00,-178.3E+00,5.79E+00,5.63E+00,122.1E+00,1.02E+00,0.93E+00,65.8E+00,-1.41E+03,-0.57E+03,0.12E+03,-1.86E+03,1.44E+03,1.29E+03,0.24E+03,2.98E+03,0.24E+03,1.07E+03,0.20E+03,2.20E+03,0.975E+00,0.444E+00,0.499E+00,0.625E+00,40.427E+03,-0.417E+03,14.902E+03,-0.589E+03,0.00000E+00,0.000E+03,-0.155E+03,0.183E+03,0.000E+03,0.00E+03,-1.86E+03,2.20E+03,0.00E+03,0.000E+00
2022-07-04 13:40:00,0005:10:00,00000000,50.00E+00,231.5E+00,231.5E+00,0.0E+00,223.0E+00,223.0E+00,-118.9E+00,236.3E+00,236.3E+00,121.0E+00,5.25E+00,5.16E+00,-132.6E+00,5.63E+00,5.45E+00,127.8E+00,4.36E+00,4.15E+00,-52.2E+00,-0.73E+03,-0.43E+03,-0.96E+03,-2.13E+03,1.22E+03,1.25E+03,1.03E+03,3.50E+03,0.84E+03,1.04E+03,0.29E+03,2.73E+03,0.603E+00,0.343E+00,0.936E+00,0.608E+00,40.427E+03,-0.594E+03,15.130E+03,-0.589E+03,0.00000E+00,0.000E+03,-0.177E+03,0.228E+03,0.000E+03,0.00E+03,-2.13E+03,2.73E+03,0.00E+03,0.000E+00
2022-07-04 13:45:00,0005:15:00,00000000,50.01E+00,231.4E+00,231.4E+00,0.0E+00,222.8E+00,222.8E+00,-118.8E+00,235.9E+00,235.9E+00,121.0E+00,5.57E+00,5.50E+00,-160.7E+00,5.55E+00,5.29E+00,133.4E+00,3.97E+00,3.77E+00,-28.7E+00,-1.08E+03,-0.34E+03,-0.73E+03,-2.14E+03,1.29E+03,1.24E+03,0.94E+03,3.46E+03,0.48E+03,1.12E+03,0.53E+03,2.66E+03,0.834E+00,0.273E+00,0.775E+00,0.617E+00,40.427E+03,-0.772E+03,15.352E+03,-0.589E+03,0.00000E+00,0.000E+03,-0.178E+03,0.222E+03,0.000E+03,0.00E+03,-2.14E+03,2.66E+03,0.00E+03,0.000E+00
2022-07-04 13:50:00,0005:20:00,00000000,50.00E+00,231.7E+00,231.6E+00,0.0E+00,223.0E+00,223.0E+00,-118.8E+00,236.0E+00,235.9E+00,121.0E+00,6.21E+00,6.13E+00,-178.3E+00,5.62E+00,5.53E+00,120.2E+00,3.63E+00,3.39E+00,-57.2E+00,-1.42E+03,-0.60E+03,-0.80E+03,-2.81E+03,1.44E+03,1.25E+03,0.86E+03,3.55E+03,0.23E+03,1.02E+03,0.03E+03,2.10E+03,0.987E+00,0.476E+00,0.930E+00,0.793E+00,40.427E+03,-1.007E+03,15.527E+03,-0.589E+03,0.00000E+00,0.000E+03,-0.234E+03,0.175E+03,0.000E+03,0.00E+03,-2.81E+03,2.10E+03,0.00E+03,0.000E+00
2022-07-04 13:55:00,0005:25:00,00000000,50.00E+00,232.0E+00,232.0E+00,0.0E+00,223.5E+00,223.4E+00,-118.8E+00,235.8E+00,235.8E+00,121.0E+00,5.91E+00,5.80E+00,-167.5E+00,5.65E+00,5.55E+00,121.0E+00,8.23E+00,8.10E+00,104.3E+00,-1.18E+03,-0.59E+03,1.23E+03,-0.54E+03,1.37E+03,1.26E+03,1.94E+03,4.57E+03,0.41E+03,1.04E+03,0.49E+03,3.87E+03,0.858E+00,0.466E+00,0.632E+00,0.118E+00,40.475E+03,-1.099E+03,15.850E+03,-0.589E+03,0.00000E+00,0.048E+03,-0.093E+03,0.323E+03,0.000E+03,0.57E+03,-1.11E+03,3.87E+03,0.00E+03,0.146E+00
2022-07-04 14:00:00,0005:30:00,00000000,50.00E+00,232.3E+00,232.3E+00,0.0E+00,224.0E+00,223.9E+00,-118.7E+00,236.5E+00,236.4E+00,121.0E+00,4.97E+00,4.81E+00,-120.9E+00,5.53E+00,5.43E+00,125.2E+00,9.82E+00,9.73E+00,118.6E+00,-0.55E+03,-0.50E+03,2.29E+03,1.24E+03,1.15E+03,1.24E+03,2.32E+03,4.72E+03,0.97E+03,1.05E+03,0.38E+03,4.51E+03,0.477E+00,0.405E+00,0.986E+00,0.262E+00,40.578E+03,-1.099E+03,16.225E+03,-0.589E+03,0.00000E+00,0.103E+03,0.000E+03,0.375E+03,0.000E+03,1.24E+03,0.00E+03,4.51E+03,0.00E+03,0.265E+00
2022-07-04 14:05:00,0005:35:00,00000000,50.00E+00,231.6E+00,231.6E+00,0.0E+00,223.2E+00,223.2E+00,-118.7E+00,235.2E+00,235.2E+00,121.0E+00,5.56E+00,5.47E+00,-178.0E+00,5.40E+00,5.30E+00,127.0E+00,10.80E+00,10.70E+00,116.6E+00,-1.27E+03,-0.45E+03,2.50E+03,0.78E+03,1.29E+03,1.20E+03,2.54E+03,5.03E+03,0.23E+03,1.03E+03,0.41E+03,4.93E+03,0.984E+00,0.376E+00,0.984E+00,0.155E+00,40.643E+03,-1.099E+03,16.636E+03,-0.589E+03,0.00000E+00,0.065E+03,0.000E+03,0.411E+03,0.000E+03,0.78E+03,0.00E+03,4.93E+03,0.00E+03,0.156E+00
2022-07-04 14:10:00,0005:40:00,00000000,50.00E+00,231.6E+00,231.6E+00,0.0E+00,223.0E+00,223.0E+00,-118.7E+00,235.3E+00,235.3E+00,121.1E+00,5.15E+00,5.06E+00,-177.9E+00,5.39E+00,5.29E+00,131.1E+00,10.66E+00,10.55E+00,115.3E+00,-1.17E+03,-0.37E+03,2.43E+03,0.89E+03,1.19E+03,1.20E+03,2.51E+03,4.90E+03,0.22E+03,1.03E+03,0.47E+03,4.76E+03,0.982E+00,0.307E+00,0.970E+00,0.182E+00,40.720E+03,-1.102E+03,17.033E+03,-0.589E+03,0.00000E+00,0.077E+03,-0.003E+03,0.397E+03,0.000E+03,0.92E+03,-0.03E+03,4.76E+03,0.00E+03,0.190E+00
2022-07-04 14:15:00,0005:45:00,00000000,49.99E+00,231.7E+00,231.7E+00,0.0E+00,223.2E+00,223.2E+00,-118.9E+00,236.7E+00,236.7E+00,121.1E+00,4.52E+00,4.37E+00,-130.3E+00,5.15E+00,5.05E+00,138.6E+00,2.55E+00,2.13E+00,-52.3E+00,-0.50E+03,-0.22E+03,-0.46E+03,-1.19E+03,1.05E+03,1.15E+03,0.60E+03,2.80E+03,0.69E+03,1.04E+03,0.23E+03,2.39E+03,0.481E+00,0.195E+00,0.768E+00,0.426E+00,40.720E+03,-1.201E+03,17.232E+03,-0.589E+03,0.00000E+00,0.000E+03,-0.100E+03,0.199E+03,0.000E+03,0.00E+03,-1.19E+03,2.39E+03,0.00E+03,0.001E+00
2022-07-04 14:20:00,0005:50:00,00000000,50.00E+00,232.2E+00,232.2E+00,0.0E+00,223.7E+00,223.7E+00,-118.9E+00,237.3E+00,237.2E+00,121.2E+00,4.56E+00,4.43E+00,-135.0E+00,5.42E+00,5.29E+00,144.8E+00,2.80E+00,2.42E+00,5.2E+00,-0.58E+03,-0.11E+03,-0.22E+03,-0.91E+03,1.06E+03,1.21E+03,0.66E+03,2.93E+03,0.67E+03,1.05E+03,0.58E+03,2.76E+03,0.546E+00,0.092E+00,0.335E+00,0.310E+00,40.720E+03,-1.278E+03,17.463E+03,-0.589E+03,0.00000E+00,0.000E+03,-0.076E+03,0.230E+03,0.000E+03,0.00E+03,-0.91E+03,2.76E+03,0.00E+03,0.001E+00
2022-07-04 14:25:00,0005:55:00,00000000,50.00E+00,232.2E+00,232.2E+00,0.0E+00,223.5E+00,223.5E+00,-119.0E+00,237.2E+00,237.2E+00,121.2E+00,4.75E+00,4.68E+00,-177.8E+00,5.40E+00,5.20E+00,143.5E+00,2.55E+00,2.13E+00,-49.4E+00,-1.09E+03,-0.14E+03,-0.50E+03,-1.73E+03,1.10E+03,1.21E+03,0.60E+03,2.91E+03,0.18E+03,1.12E+03,0.34E+03,2.30E+03,0.986E+00,0.118E+00,0.827E+00,0.593E+00,40.720E+03,-1.422E+03,17.654E+03,-0.589E+03,0.00000E+00,0.000E+03,-0.144E+03,0.192E+03,0.000E+03,0.00E+03,-1.73E+03,2.30E+03,0.00E+03,0.000E+00
2022-07-04 14:30:00,0006:00:00,00000000,49.99E+00,232.0E+00,232.0E+00,0.0E+00,223.5E+00,223.5E+00,-118.9E+00,236.8E+00,236.8E+00,121.2E+00,4.41E+00,4.33E+00,-177.7E+00,5.21E+00,5.11E+00,139.6E+00,2.50E+00,2.03E+00,-3.1E+00,-1.00E+03,-0.21E+03,-0.25E+03,-1.46E+03,1.02E+03,1.16E+03,0.59E+03,2.78E+03,0.16E+03,1.05E+03,0.51E+03,2.32E+03,0.981E+00,0.180E+00,0.416E+00,0.525E+00,40.720E+03,-1.543E+03,17.848E+03,-0.589E+03,0.00000E+00,0.000E+03,-0.122E+03,0.193E+03,0.000E+03,0.00E+03,-1.46E+03,2.32E+03,0.00E+03,0.000E+00
2022-07-04 14:35:00,0006:05:00,00000000,50.00E+00,231.9E+00,231.9E+00,0.0E+00,223.4E+00,223.4E+00,-119.0E+00,236.9E+00,236.8E+00,121.1E+00,4.47E+00,4.33E+00,-108.2E+00,5.55E+00,5.34E+00,149.8E+00,2.92E+00,2.54E+00,-72.1E+00,-0.28E+03,-0.02E+03,-0.57E+03,-0.88E+03,1.04E+03,1.24E+03,0.69E+03,2.97E+03,0.90E+03,1.09E+03,-0.32E+03,2.73E+03,0.270E+00,0.018E+00,-0.831E+00,0.296E+00,40.721E+03,-1.617E+03,18.075E+03,-0.589E+03,0.00000E+00,0.001E+03,-0.074E+03,0.228E+03,0.000E+03,0.01E+03,-0.89E+03,2.73E+03,0.00E+03,0.005E+00
2022-07-04 14:40:00,0006:10:00,00000000,50.00E+00,232.2E+00,232.2E+00,0.0E+00,223.4E+00,223.4E+00,-118.9E+00,237.2E+00,237.2E+00,121.2E+00,4.24E+00,4.12E+00,-158.8E+00,7.05E+00,6.95E+00,177.3E+00,2.44E+00,2.06E+00,-46.4E+00,-0.75E+03,0.51E+03,-0.36E+03,-0.60E+03,0.98E+03,1.57E+03,0.58E+03,3.14E+03,0.43E+03,1.07E+03,0.03E+03,2.82E+03,0.760E+00,0.326E+00,0.630E+00,0.191E+00,40.743E+03,-1.688E+03,18.310E+03,-0.589E+03,0.00000E+00,0.021E+03,-0.071E+03,0.235E+03,0.000E+03,0.26E+03,-0.85E+03,2.82E+03,0.00E+03,0.090E+00
2022-07-04 14:45:00,0006:15:00,00000000,49.99E+00,232.2E+00,232.2E+00,0.0E+00,223.2E+00,223.2E+00,-119.0E+00,237.2E+00,237.2E+00,121.1E+00,3.63E+00,3.51E+00,-177.3E+00,7.22E+00,7.19E+00,-138.2E+00,1.91E+00,1.44E+00,-36.7E+00,-0.82E+03,1.48E+03,-0.20E+03,0.46E+03,0.84E+03,1.61E+03,0.45E+03,2.91E+03,0.21E+03,0.55E+03,0.03E+03,0.68E+03,0.968E+00,0.915E+00,0.437E+00,0.158E+00,40.781E+03,-1.688E+03,18.457E+03,-0.679E+03,0.00000E+00,0.038E+03,0.000E+03,0.147E+03,-0.091E+03,0.46E+03,0.00E+03,1.77E+03,-1.09E+03,0.252E+00
2022-07-04 14:50:00,0006:20:00,00000000,49.99E+00,231.8E+00,231.7E+00,0.0E+00,223.2E+00,223.1E+00,-119.0E+00,236.9E+00,236.9E+00,121.1E+00,3.64E+00,3.50E+00,-161.1E+00,6.59E+00,6.51E+00,-123.8E+00,1.71E+00,1.27E+00,-80.0E+00,-0.60E+03,1.17E+03,-0.24E+03,0.32E+03,0.84E+03,1.47E+03,0.40E+03,2.72E+03,0.36E+03,0.20E+03,-0.24E+03,1.54E+03,0.712E+00,0.794E+00,-0.602E+00,0.120E+00,40.818E+03,-1.699E+03,18.632E+03,-0.726E+03,0.00000E+00,0.037E+03,-0.010E+03,0.174E+03,-0.046E+03,0.45E+03,-0.12E+03,2.09E+03,-0.55E+03,0.209E+00
2022-07-04 14:55:00,0006:25:00,00000000,49.99E+00,231.4E+00,231.4E+00,0.0E+00,223.5E+00,223.5E+00,-119.0E+00,236.6E+00,236.6E+00,121.1E+00,4.43E+00,4.25E+00,-83.3E+00,3.36E+00,3.29E+00,71.6E+00,0.77E+00,0.59E+00,15.2E+00,0.11E+03,-0.72E+03,-0.02E+03,-0.63E+03,1.02E+03,0.75E+03,0.18E+03,1.96E+03,0.98E+03,0.18E+03,0.07E+03,1.82E+03,0.106E+00,0.954E+00,0.109E+00,0.321E+00,40.820E+03,-1.752E+03,18.784E+03,-0.726E+03,0.00000E+00,0.001E+03,-0.054E+03,0.152E+03,0.000E+03,0.02E+03,-0.64E+03,1.82E+03,0.00E+03,0.008E+00
2022-07-04 15:00:00,0006:30:00,00000000,50.01E+00,231.7E+00,231.7E+00,0.0E+00,223.4E+00,223.4E+00,-118.9E+00,236.5E+00,236.5E+00,121.1E+00,3.42E+00,3.30E+00,-177.3E+00,2.32E+00,2.07E+00,87.0E+00,1.66E+00,1.25E+00,-84.1E+00,-0.76E+03,-0.42E+03,-0.27E+03,-1.45E+03,0.79E+03,0.52E+03,0.39E+03,1.70E+03,0.21E+03,0.31E+03,-0.29E+03,0.78E+03,0.964E+00,0.800E+00,-0.683E+00,0.849E+00,40.820E+03,-1.873E+03,18.853E+03,-0.730E+03,0.00000E+00,0.000E+03,-0.121E+03,0.070E+03,-0.005E+03,0.00E+03,-1.45E+03,0.84E+03,-0.06E+03,0.000E+00
2022-07-04 15:05:00,0006:35:00,00000000,49.97E+00,231.9E+00,231.9E+00,0.0E+00,223.5E+00,223.5E+00,-119.0E+00,236.7E+00,236.7E+00,121.2E+00,3.36E+00,3.26E+00,-177.1E+00,2.61E+00,2.38E+00,84.2E+00,1.35E+00,1.01E+00,23.2E+00,-0.76E+03,-0.49E+03,-0.02E+03,-1.27E+03,0.78E+03,0.58E+03,0.32E+03,1.68E+03,0.18E+03,0.32E+03,0.17E+03,1.03E+03,0.972E+00,0.839E+00,0.065E+00,0.754E+00,40.820E+03,-1.978E+03,18.939E+03,-0.730E+03,0.00000E+00,0.000E+03,-0.106E+03,0.086E+03,0.000E+03,0.00E+03,-1.27E+03,1.03E+03,0.00E+03,0.001E+00
2022-07-04 15:10:00,0006:40:00,00000000,49.99E+00,231.7E+00,231.7E+00,0.0E+00,223.5E+00,223.4E+00,-119.0E+00,236.9E+00,236.9E+00,121.2E+00,3.80E+00,3.72E+00,-132.4E+00,2.89E+00,2.79E+00,76.6E+00,0.23E+00,0.18E+00,46.6E+00,-0.39E+03,-0.60E+03,0.01E+03,-0.98E+03,0.88E+03,0.65E+03,0.05E+03,1.58E+03,0.50E+03,0.23E+03,0.05E+03,1.04E+03,0.442E+00,0.926E+00,0.198E+00,0.618E+00,40.820E+03,-2.060E+03,19.026E+03,-0.730E+03,0.00000E+00,0.000E+03,-0.081E+03,0.087E+03,0.000E+03,0.00E+03,-0.98E+03,1.04E+03,0.00E+03,0.001E+00
2022-07-04 15:15:00,0006:45:00,00000000,50.01E+00,231.3E+00,231.3E+00,0.0E+00,223.2E+00,223.2E+00,-119.0E+00,236.6E+00,236.6E+00,121.2E+00,3.98E+00,3.89E+00,-100.8E+00,2.08E+00,1.78E+00,91.9E+00,0.85E+00,0.76E+00,55.7E+00,-0.14E+03,-0.34E+03,0.07E+03,-0.40E+03,0.92E+03,0.47E+03,0.20E+03,1.59E+03,0.76E+03,0.31E+03,0.19E+03,1.51E+03,0.150E+00,0.727E+00,0.364E+00,0.254E+00,40.821E+03,-2.095E+03,19.152E+03,-0.730E+03,0.00000E+00,0.001E+03,-0.035E+03,0.126E+03,0.000E+03,0.02E+03,-0.42E+03,1.51E+03,0.00E+03,0.010E+00
2022-07-04 15:20:00,0006:50:00,00000000,49.99E+00,231.7E+00,231.7E+00,0.0E+00,223.3E+00,223.2E+00,-118.8E+00,236.5E+00,236.5E+00,121.2E+00,3.11E+00,3.05E+00,-176.8E+00,2.16E+00,1.90E+00,88.6E+00,1.49E+00,1.29E+00,49.8E+00,-0.71E+03,-0.38E+03,0.10E+03,-0.98E+03,0.72E+03,0.48E+03,0.35E+03,1.55E+03,0.15E+03,0.30E+03,0.34E+03,1.12E+03,0.979E+00,0.778E+00,0.273E+00,0.633E+00,40.821E+03,-2.177E+03,19.245E+03,-0.730E+03,0.00000E+00,0.000E+03,-0.082E+03,0.093E+03,0.000E+03,0.00E+03,-0.98E+03,1.12E+03,0.00E+03,0.000E+00
2022-07-04 15:25:00,0006:55:00,00000000,50.06E+00,231.7E+00,231.6E+00,0.0E+00,223.2E+00,223.2E+00,-118.9E+00,236.8E+00,236.8E+00,121.3E+00,2.88E+00,2.82E+00,-176.7E+00,2.30E+00,2.13E+00,82.9E+00,0.54E+00,0.53E+00,-58.2E+00,-0.65E+03,-0.44E+03,-0.12E+03,-1.21E+03,0.67E+03,0.51E+03,0.13E+03,1.31E+03,0.14E+03,0.26E+03,-0.02E+03,0.48E+03,0.976E+00,0.857E+00,0.933E+00,0.925E+00,40.821E+03,-2.278E+03,19.285E+03,-0.730E+03,0.00000E+00,0.000E+03,-0.101E+03,0.040E+03,-0.000E+03,0.00E+03,-1.21E+03,0.48E+03,-0.00E+03,0.000E+00
2022-07-04 15:30:00,0007:00:00,00000000,50.07E+00,231.8E+00,231.8E+00,0.0E+00,223.4E+00,223.3E+00,-118.9E+00,237.0E+00,237.0E+00,121.3E+00,3.72E+00,3.63E+00,-88.1E+00,1.00E+00,0.96E+00,131.8E+00,2.77E+00,2.59E+00,36.5E+00,0.02E+03,-0.03E+03,0.03E+03,0.02E+03,0.86E+03,0.22E+03,0.66E+03,1.74E+03,0.65E+03,0.11E+03,0.42E+03,1.29E+03,0.022E+00,0.138E+00,0.052E+00,0.013E+00,40.864E+03,-2.319E+03,19.393E+03,-0.730E+03,0.00000E+00,0.043E+03,-0.041E+03,0.108E+03,0.000E+03,0.52E+03,-0.50E+03,1.29E+03,0.00E+03,0.373E+00
2022-07-04 15:35:00,0007:05:00,00000000,50.01E+00,232.1E+00,232.1E+00,0.0E+00,222.9E+00,222.9E+00,-119.0E+00,237.0E+00,237.0E+00,121.1E+00,2.51E+00,2.46E+00,-71.3E+00,8.22E+00,7.99E+00,-152.3E+00,0.21E+00,0.17E+00,102.2E+00,0.18E+03,1.49E+03,0.04E+03,1.70E+03,0.58E+03,1.83E+03,0.05E+03,2.46E+03,0.54E+03,1.07E+03,0.03E+03,1.76E+03,0.306E+00,0.811E+00,0.757E+00,0.691E+00,41.006E+03,-2.319E+03,19.539E+03,-0.730E+03,0.00000E+00,0.142E+03,0.000E+03,0.146E+03,0.000E+03,1.70E+03,0.00E+03,1.76E+03,0.00E+03,0.696E+00
2022-07-04 15:40:00,0007:10:00,00000000,49.99E+00,231.7E+00,231.7E+00,0.0E+00,222.5E+00,222.5E+00,-118.9E+00,236.1E+00,236.1E+00,121.2E+00,0.00E+00,0.00E+00,-2.4E+00,8.41E+00,8.16E+00,-152.2E+00,1.74E+00,1.63E+00,92.8E+00,0.00E+03,1.52E+03,0.33E+03,1.85E+03,0.00E+03,1.87E+03,0.41E+03,2.28E+03,0.00E+03,1.09E+03,0.24E+03,1.33E+03,0.000E+99,0.812E+00,0.809E+00,0.811E+00,41.160E+03,-2.319E+03,19.650E+03,-0.730E+03,0.00000E+00,0.154E+03,0.000E+03,0.111E+03,0.000E+03,1.85E+03,0.00E+03,1.33E+03,0.00E+03,0.811E+00
2022-07-04 15:45:00,0007:15:00,00000000,49.99E+00,231.5E+00,231.5E+00,0.0E+00,222.3E+00,222.2E+00,-118.9E+00,235.9E+00,235.9E+00,121.2E+00,0.00E+00,0.00E+00,-2.4E+00,8.22E+00,7.97E+00,-153.1E+00,3.58E+00,3.31E+00,104.0E+00,0.00E+03,1.46E+03,0.72E+03,2.18E+03,0.00E+03,1.83E+03,0.85E+03,2.67E+03,0.00E+03,1.09E+03,0.18E+03,1.54E+03,0.000E+99,0.802E+00,0.850E+00,0.817E+00,41.342E+03,-2.319E+03,19.778E+03,-0.730E+03,0.00000E+00,0.182E+03,0.000E+03,0.128E+03,0.000E+03,2.18E+03,0.00E+03,1.54E+03,0.00E+03,0.818E+00
2022-07-04 15:50:00,0007:20:00,00000000,49.98E+00,231.8E+00,231.7E+00,0.0E+00,222.7E+00,222.7E+00,-118.9E+00,236.7E+00,236.7E+00,121.2E+00,3.59E+00,3.53E+00,-61.4E+00,6.63E+00,6.49E+00,-164.3E+00,2.30E+00,1.97E+00,124.8E+00,0.39E+03,0.96E+03,0.46E+03,1.82E+03,0.83E+03,1.48E+03,0.55E+03,2.85E+03,0.73E+03,1.02E+03,-0.26E+03,2.13E+03,0.469E+00,0.652E+00,-0.848E+00,0.636E+00,41.494E+03,-2.319E+03,19.956E+03,-0.730E+03,0.00000E+00,0.151E+03,0.000E+03,0.177E+03,0.000E+03,1.82E+03,0.00E+03,2.13E+03,0.00E+03,0.649E+00
2022-07-04 15:55:00,0007:25:00,00000000,49.99E+00,231.4E+00,231.4E+00,0.0E+00,222.7E+00,222.6E+00,-118.9E+00,236.2E+00,236.2E+00,121.2E+00,1.87E+00,1.84E+00,-67.7E+00,5.96E+00,5.89E+00,-170.5E+00,3.70E+00,3.43E+00,93.7E+00,0.16E+03,0.75E+03,0.71E+03,1.62E+03,0.43E+03,1.33E+03,0.87E+03,2.63E+03,0.40E+03,0.97E+03,0.44E+03,1.93E+03,0.371E+00,0.568E+00,0.809E+00,0.615E+00,41.629E+03,-2.319E+03,20.117E+03,-0.730E+03,0.00000E+00,0.135E+03,0.000E+03,0.161E+03,0.000E+03,1.62E+03,0.00E+03,1.94E+03,0.00E+03,0.642E+00
2022-07-04 16:00:00,0007:30:00,00000000,50.00E+00,232.6E+00,232.6E+00,0.0E+00,223.6E+00,223.6E+00,-118.8E+00,237.4E+00,237.3E+00,121.2E+00,0.00E+00,0.00E+00,-2.4E+00,6.05E+00,5.97E+00,-173.1E+00,3.08E+00,2.72E+00,117.6E+00,0.00E+03,0.72E+03,0.64E+03,1.36E+03,0.00E+03,1.35E+03,0.73E+03,2.08E+03,0.00E+03,1.03E+03,0.34E+03,1.45E+03,0.000E+99,0.532E+00,0.879E+00,0.653E+00,41.742E+03,-2.319E+03,20.238E+03,-0.730E+03,0.00000E+00,0.113E+03,0.000E+03,0.121E+03,0.000E+03,1.36E+03,0.00E+03,1.45E+03,0.00E+03,0.684E+00
2022-07-04 16:05:00,0007:35:00,00000000,50.00E+00,232.6E+00,232.5E+00,0.0E+00,223.3E+00,223.3E+00,-118.8E+00,237.0E+00,237.0E+00,121.2E+00,0.00E+00,0.00E+00,-2.4E+00,6.18E+00,6.10E+00,-170.1E+00,3.31E+00,3.01E+00,117.5E+00,0.00E+03,0.81E+03,0.71E+03,1.52E+03,0.00E+03,1.38E+03,0.79E+03,2.16E+03,0.00E+03,1.03E+03,0.33E+03,1.46E+03,0.000E+99,0.584E+00,0.905E+00,0.700E+00,41.869E+03,-2.319E+03,20.360E+03,-0.730E+03,0.00000E+00,0.126E+03,0.000E+03,0.122E+03,0.000E+03,1.52E+03,0.00E+03,1.46E+03,0.00E+03,0.720E+00
2022-07-04 16:10:00,0007:40:00,00000000,49.98E+00,232.6E+00,232.6E+00,0.0E+00,223.5E+00,223.5E+00,-118.8E+00,237.1E+00,237.1E+00,121.3E+00,0.00E+00,0.00E+00,-2.4E+00,6.37E+00,6.30E+00,-167.8E+00,5.52E+00,5.28E+00,121.5E+00,0.00E+03,0.88E+03,1.25E+03,2.13E+03,0.00E+03,1.42E+03,1.31E+03,2.73E+03,0.00E+03,1.04E+03,-0.15E+03,1.55E+03,0.000E+99,0.620E+00,-0.955E+00,0.780E+00,42.046E+03,-2.319E+03,20.489E+03,-0.730E+03,0.00000E+00,0.178E+03,0.000E+03,0.129E+03,0.000E+03,2.13E+03,0.00E+03,1.55E+03,0.00E+03,0.808E+00
2022-07-04 16:15:00,0007:45:00,00000000,50.00E+00,232.6E+00,232.6E+00,0.0E+00,223.6E+00,223.6E+00,-118.6E+00,236.4E+00,236.4E+00,121.2E+00,0.00E+00,0.00E+00,-2.4E+00,6.47E+00,6.40E+00,-166.4E+00,16.15E+00,16.10E+00,121.6E+00,0.00E+03,0.92E+03,3.81E+03,4.73E+03,0.00E+03,1.45E+03,3.82E+03,5.27E+03,0.00E+03,1.04E+03,-0.32E+03,2.24E+03,0.000E+99,0.637E+00,-0.996E+00,0.898E+00,42.440E+03,-2.319E+03,20.676E+03,-0.730E+03,0.00000E+00,0.394E+03,0.000E+03,0.187E+03,0.000E+03,4.73E+03,0.00E+03,2.24E+03,0.00E+03,0.903E+00
2022-07-04 16:20:00,0007:50:00,00000000,49.99E+00,232.5E+00,232.5E+00,0.0E+00,223.6E+00,223.5E+00,-118.6E+00,236.3E+00,236.3E+00,121.2E+00,0.00E+00,0.00E+00,-2.4E+00,6.80E+00,6.73E+00,-162.9E+00,17.99E+00,17.91E+00,123.3E+00,0.00E+03,1.04E+03,4.23E+03,5.27E+03,0.00E+03,1.52E+03,4.25E+03,5.77E+03,0.00E+03,1.04E+03,-0.44E+03,2.30E+03,0.000E+99,0.682E+00,-0.994E+00,0.912E+00,42.879E+03,-2.319E+03,20.867E+03,-0.730E+03,0.00000E+00,0.439E+03,0.000E+03,0.191E+03,0.000E+03,5.27E+03,0.00E+03,2.30E+03,0.00E+03,0.917E+00
2022-07-04 16:25:00,0007:55:00,00000000,49.99E+00,232.5E+00,232.5E+00,0.0E+00,223.6E+00,223.6E+00,-118.6E+00,236.2E+00,236.2E+00,121.2E+00,0.10E+00,0.09E+00,-36.6E+00,7.09E+00,7.02E+00,-160.5E+00,17.13E+00,17.05E+00,123.3E+00,0.02E+03,1.13E+03,4.02E+03,5.17E+03,0.02E+03,1.58E+03,4.05E+03,5.65E+03,0.01E+03,1.04E+03,-0.39E+03,2.23E+03,0.768E+00,0.716E+00,-0.994E+00,0.915E+00,43.310E+03,-2.319E+03,21.053E+03,-0.730E+03,0.00000E+00,0.431E+03,0.000E+03,0.186E+03,0.000E+03,5.17E+03,0.00E+03,2.23E+03,0.00E+03,0.919E+00
2022-07-04 16:30:00,0008:00:00,00000000,50.00E+00,232.0E+00,232.0E+00,0.0E+00,223.5E+00,223.4E+00,-118.8E+00,237.4E+00,237.4E+00,121.3E+00,6.68E+00,6.64E+00,-39.0E+00,7.05E+00,6.98E+00,-161.1E+00,5.67E+00,5.34E+00,127.3E+00,1.20E+03,1.12E+03,1.26E+03,3.57E+03,1.55E+03,1.57E+03,1.35E+03,4.47E+03,0.99E+03,1.04E+03,-0.45E+03,2.64E+03,0.771E+00,0.712E+00,-0.935E+00,0.800E+00,43.608E+03,-2.319E+03,21.273E+03,-0.730E+03,0.00000E+00,0.298E+03,0.000E+03,0.220E+03,0.000E+03,3.57E+03,0.00E+03,2.64E+03,0.00E+03,0.805E+00
2022-07-04 16:35:00,0008:05:00,00000000,49.99E+00,232.4E+00,232.3E+00,0.0E+00,223.5E+00,223.4E+00,-118.7E+00,237.7E+00,237.7E+00,121.3E+00,2.16E+00,2.15E+00,-40.7E+00,7.12E+00,7.05E+00,-160.5E+00,4.21E+00,3.84E+00,129.6E+00,0.38E+03,1.14E+03,0.90E+03,2.42E+03,0.50E+03,1.59E+03,1.00E+03,3.10E+03,0.33E+03,1.04E+03,-0.43E+03,1.89E+03,0.754E+00,0.718E+00,-0.901E+00,0.783E+00,43.810E+03,-2.319E+03,21.430E+03,-0.730E+03,0.00000E+00,0.202E+03,0.000E+03,0.157E+03,0.000E+03,2.42E+03,0.00E+03,1.89E+03,0.00E+03,0.789E+00
2022-07-04 16:40:00,0008:10:00,00000000,50.02E+00,232.4E+00,232.4E+00,0.0E+00,223.2E+00,223.2E+00,-118.8E+00,237.4E+00,237.4E+00,121.3E+00,0.00E+00,0.00E+00,-2.4E+00,7.19E+00,7.12E+00,-159.4E+00,5.11E+00,4.78E+00,127.7E+00,0.00E+03,1.17E+03,1.13E+03,2.30E+03,0.00E+03,1.60E+03,1.21E+03,2.82E+03,0.00E+03,1.03E+03,-0.44E+03,1.58E+03,0.000E+99,0.732E+00,-0.930E+00,0.817E+00,44.002E+03,-2.319E+03,21.562E+03,-0.730E+03,0.00000E+00,0.192E+03,0.000E+03,0.132E+03,0.000E+03,2.30E+03,0.00E+03,1.58E+03,0.00E+03,0.824E+00
2022-07-04 16:45:00,0008:15:00,00000000,50.00E+00,231.9E+00,231.9E+00,0.0E+00,223.1E+00,223.1E+00,-118.8E+00,237.1E+00,237.0E+00,121.3E+00,3.51E+00,3.49E+00,-36.8E+00,7.23E+00,7.17E+00,-159.1E+00,6.44E+00,6.07E+00,110.2E+00,0.65E+03,1.19E+03,1.39E+03,3.23E+03,0.81E+03,1.61E+03,1.53E+03,3.95E+03,0.49E+03,1.03E+03,0.22E+03,2.25E+03,0.795E+00,0.736E+00,0.913E+00,0.816E+00,44.271E+03,-2.319E+03,21.749E+03,-0.730E+03,0.00000E+00,0.269E+03,0.000E+03,0.187E+03,0.000E+03,3.23E+03,0.00E+03,2.25E+03,0.00E+03,0.820E+00
2022-07-04 16:50:00,0008:20:00,00000000,49.99E+00,231.8E+00,231.8E+00,0.0E+00,223.0E+00,223.0E+00,-118.7E+00,236.7E+00,236.7E+00,121.4E+00,5.08E+00,5.04E+00,-36.6E+00,7.34E+00,7.28E+00,-158.3E+00,8.33E+00,7.97E+00,107.9E+00,0.93E+03,1.22E+03,1.83E+03,3.98E+03,1.18E+03,1.64E+03,1.97E+03,4.79E+03,0.71E+03,1.03E+03,0.58E+03,2.63E+03,0.792E+00,0.747E+00,0.925E+00,0.831E+00,44.602E+03,-2.319E+03,21.968E+03,-0.730E+03,0.00000E+00,0.332E+03,0.000E+03,0.219E+03,0.000E+03,3.98E+03,0.00E+03,2.63E+03,0.00E+03,0.834E+00
2022-07-04 16:55:00,0008:25:00,00000000,49.99E+00,232.0E+00,232.0E+00,0.0E+00,223.0E+00,223.0E+00,-118.7E+00,237.1E+00,237.1E+00,121.3E+00,2.02E+00,1.98E+00,-4.0E+00,7.38E+00,7.32E+00,-158.0E+00,6.86E+00,6.50E+00,126.4E+00,0.46E+03,1.23E+03,1.53E+03,3.22E+03,0.47E+03,1.65E+03,1.63E+03,3.74E+03,0.10E+03,1.03E+03,-0.38E+03,1.87E+03,0.979E+00,0.749E+00,-0.938E+00,0.860E+00,44.870E+03,-2.319E+03,22.124E+03,-0.730E+03,0.00000E+00,0.268E+03,0.000E+03,0.155E+03,0.000E+03,3.22E+03,0.00E+03,1.87E+03,0.00E+03,0.865E+00
2022-07-04 17:00:00,0008:30:00,00000000,50.00E+00,232.7E+00,232.7E+00,0.0E+00,223.6E+00,223.5E+00,-118.7E+00,237.8E+00,237.8E+00,121.3E+00,2.07E+00,2.03E+00,-3.9E+00,7.44E+00,7.38E+00,-158.3E+00,7.21E+00,6.97E+00,129.8E+00,0.47E+03,1.24E+03,1.64E+03,3.35E+03,0.48E+03,1.66E+03,1.71E+03,3.86E+03,0.10E+03,1.05E+03,-0.51E+03,1.87E+03,0.979E+00,0.747E+00,-0.955E+00,0.868E+00,45.150E+03,-2.319E+03,22.279E+03,-0.730E+03,0.00000E+00,0.279E+03,0.000E+03,0.156E+03,0.000E+03,3.35E+03,0.00E+03,1.87E+03,0.00E+03,0.874E+00
2022-07-04 17:05:00,0008:35:00,00000000,50.03E+00,234.2E+00,234.2E+00,0.0E+00,225.2E+00,225.2E+00,-118.8E+00,239.4E+00,239.4E+00,121.3E+00,5.52E+00,5.47E+00,-32.4E+00,7.67E+00,7.61E+00,-158.9E+00,7.01E+00,6.76E+00,129.6E+00,1.06E+03,1.28E+03,1.60E+03,3.94E+03,1.29E+03,1.73E+03,1.68E+03,4.70E+03,0.71E+03,1.10E+03,-0.51E+03,2.51E+03,0.822E+00,0.741E+00,-0.953E+00,0.839E+00,45.478E+03,-2.319E+03,22.488E+03,-0.730E+03,0.00000E+00,0.328E+03,0.000E+03,0.209E+03,0.000E+03,3.94E+03,0.00E+03,2.51E+03,0.00E+03,0.843E+00
2022-07-04 17:10:00,0008:40:00,00000000,50.00E+00,233.8E+00,233.8E+00,0.0E+00,224.8E+00,224.8E+00,-118.7E+00,239.0E+00,239.0E+00,121.2E+00,4.69E+00,4.66E+00,-30.2E+00,7.65E+00,7.58E+00,-158.6E+00,6.75E+00,6.49E+00,129.8E+00,0.91E+03,1.28E+03,1.53E+03,3.72E+03,1.10E+03,1.72E+03,1.61E+03,4.43E+03,0.56E+03,1.09E+03,-0.50E+03,2.36E+03,0.830E+00,0.743E+00,-0.951E+00,0.840E+00,45.788E+03,-2.319E+03,22.685E+03,-0.730E+03,0.00000E+00,0.310E+03,0.000E+03,0.197E+03,0.000E+03,3.72E+03,0.00E+03,2.36E+03,0.00E+03,0.845E+00
2022-07-04 17:15:00,0008:45:00,00000000,49.99E+00,233.6E+00,233.6E+00,0.0E+00,224.6E+00,224.6E+00,-118.6E+00,238.6E+00,238.6E+00,121.2E+00,2.20E+00,2.17E+00,1.4E+00,7.45E+00,7.38E+00,-157.2E+00,8.00E+00,7.79E+00,130.9E+00,0.51E+03,1.27E+03,1.83E+03,3.60E+03,0.51E+03,1.67E+03,1.91E+03,4.10E+03,-0.08E+03,1.03E+03,-0.54E+03,1.90E+03,-0.985E+00,0.758E+00,-0.959E+00,0.880E+00,46.089E+03,-2.319E+03,22.844E+03,-0.731E+03,0.00000E+00,0.300E+03,0.000E+03,0.159E+03,-0.000E+03,3.61E+03,0.00E+03,1.90E+03,-0.00E+03,0.884E+00
2022-07-04 17:20:00,0008:50:00,00000000,49.97E+00,233.3E+00,233.3E+00,0.0E+00,224.2E+00,224.2E+00,-118.6E+00,238.5E+00,238.5E+00,121.2E+00,2.19E+00,2.16E+00,1.5E+00,7.36E+00,7.29E+00,-157.5E+00,7.01E+00,6.77E+00,132.0E+00,0.50E+03,1.24E+03,1.58E+03,3.33E+03,0.51E+03,1.65E+03,1.67E+03,3.83E+03,-0.09E+03,1.03E+03,-0.53E+03,1.85E+03,-0.986E+00,0.754E+00,-0.948E+00,0.869E+00,46.366E+03,-2.319E+03,22.998E+03,-0.731E+03,0.00000E+00,0.278E+03,0.000E+03,0.154E+03,0.000E+03,3.33E+03,0.00E+03,1.85E+03,0.00E+03,0.874E+00
2022-07-04 17:25:00,0008:55:00,00000000,49.98E+00,232.7E+00,232.7E+00,0.0E+00,223.9E+00,223.9E+00,-118.6E+00,238.3E+00,238.2E+00,121.2E+00,5.61E+00,5.57E+00,-30.1E+00,7.35E+00,7.28E+00,-157.0E+00,7.49E+00,7.26E+00,130.5E+00,1.10E+03,1.25E+03,1.71E+03,4.05E+03,1.30E+03,1.65E+03,1.79E+03,4.74E+03,0.63E+03,1.01E+03,-0.52E+03,2.41E+03,0.841E+00,0.760E+00,-0.955E+00,0.856E+00,46.704E+03,-2.319E+03,23.198E+03,-0.731E+03,0.00000E+00,0.338E+03,0.000E+03,0.200E+03,0.000E+03,4.05E+03,0.00E+03,2.41E+03,0.00E+03,0.860E+00
2022-07-04 17:30:00,0009:00:00,00000000,50.00E+00,232.6E+00,232.6E+00,0.0E+00,223.7E+00,223.7E+00,-118.5E+00,238.0E+00,237.9E+00,121.2E+00,3.76E+00,3.72E+00,-21.0E+00,7.26E+00,7.19E+00,-157.2E+00,7.42E+00,7.19E+00,129.4E+00,0.77E+03,1.23E+03,1.69E+03,3.69E+03,0.87E+03,1.62E+03,1.77E+03,4.26E+03,0.25E+03,1.01E+03,-0.50E+03,2.12E+03,0.879E+00,0.757E+00,-0.958E+00,0.865E+00,47.012E+03,-2.319E+03,23.375E+03,-0.731E+03,0.00000E+00,0.307E+03,0.000E+03,0.177E+03,0.000E+03,3.69E+03,0.00E+03,2.12E+03,0.00E+03,0.867E+00
2022-07-04 17:35:00,0009:05:00,00000000,50.01E+00,232.4E+00,232.4E+00,0.0E+00,223.3E+00,223.2E+00,-118.5E+00,237.7E+00,237.7E+00,121.3E+00,2.32E+00,2.28E+00,1.8E+00,7.20E+00,7.13E+00,-156.8E+00,7.27E+00,7.04E+00,131.2E+00,0.53E+03,1.22E+03,1.65E+03,3.40E+03,0.54E+03,1.61E+03,1.73E+03,3.88E+03,-0.11E+03,0.99E+03,-0.52E+03,1.83E+03,-0.979E+00,0.760E+00,-0.953E+00,0.877E+00,47.295E+03,-2.319E+03,23.527E+03,-0.731E+03,0.00000E+00,0.283E+03,0.000E+03,0.152E+03,0.000E+03,3.40E+03,0.00E+03,1.83E+03,0.00E+03,0.881E+00
2022-07-04 17:40:00,0009:10:00,00000000,50.00E+00,232.2E+00,232.2E+00,0.0E+00,222.9E+00,222.9E+00,-118.5E+00,237.5E+00,237.4E+00,121.2E+00,0.44E+00,0.43E+00,2.0E+00,7.20E+00,7.13E+00,-156.3E+00,7.53E+00,7.29E+00,132.7E+00,0.10E+03,1.23E+03,1.69E+03,3.02E+03,0.10E+03,1.61E+03,1.79E+03,3.50E+03,-0.02E+03,0.98E+03,-0.57E+03,1.71E+03,-0.977E+00,0.765E+00,-0.947E+00,0.864E+00,47.547E+03,-2.319E+03,23.670E+03,-0.731E+03,0.00000E+00,0.252E+03,0.000E+03,0.143E+03,0.000E+03,3.02E+03,0.00E+03,1.71E+03,0.00E+03,0.870E+00
2022-07-04 17:45:00,0009:15:00,00000000,50.01E+00,231.9E+00,231.9E+00,0.0E+00,222.9E+00,222.8E+00,-118.6E+00,237.5E+00,237.5E+00,121.2E+00,6.01E+00,5.97E+00,-45.7E+00,7.25E+00,7.19E+00,-155.9E+00,7.39E+00,7.17E+00,131.7E+00,0.97E+03,1.25E+03,1.67E+03,3.88E+03,1.39E+03,1.62E+03,1.75E+03,4.76E+03,1.01E+03,0.97E+03,-0.53E+03,2.73E+03,0.692E+00,0.770E+00,-0.953E+00,0.815E+00,47.870E+03,-2.319E+03,23.897E+03,-0.731E+03,0.00000E+00,0.324E+03,0.000E+03,0.227E+03,0.000E+03,3.88E+03,0.00E+03,2.73E+03,0.00E+03,0.818E+00
2022-07-04 17:50:00,0009:20:00,00000000,50.01E+00,232.1E+00,232.1E+00,0.0E+00,222.8E+00,222.8E+00,-118.6E+00,237.3E+00,237.3E+00,121.2E+00,0.27E+00,0.26E+00,-46.3E+00,7.22E+00,7.16E+00,-156.1E+00,4.55E+00,4.39E+00,125.6E+00,0.04E+03,1.24E+03,1.04E+03,2.32E+03,0.06E+03,1.61E+03,1.08E+03,2.75E+03,0.04E+03,0.97E+03,-0.30E+03,1.44E+03,0.684E+00,0.768E+00,-0.961E+00,0.842E+00,48.063E+03,-2.319E+03,24.017E+03,-0.731E+03,0.00000E+00,0.193E+03,0.000E+03,0.120E+03,0.000E+03,2.32E+03,0.00E+03,1.44E+03,0.00E+03,0.850E+00
2022-07-04 17:55:00,0009:25:00,00000000,50.00E+00,232.1E+00,232.0E+00,0.0E+00,222.7E+00,222.7E+00,-118.6E+00,237.5E+00,237.4E+00,121.2E+00,0.00E+00,0.00E+00,-2.4E+00,10.37E+00,10.33E+00,-142.1E+00,4.03E+00,3.86E+00,125.6E+00,0.00E+03,2.07E+03,0.91E+03,2.99E+03,0.00E+03,2.31E+03,0.96E+03,3.27E+03,0.00E+03,0.92E+03,-0.29E+03,1.25E+03,0.000E+99,0.898E+00,-0.954E+00,0.914E+00,48.312E+03,-2.319E+03,24.121E+03,-0.731E+03,0.00000E+00,0.249E+03,0.000E+03,0.104E+03,0.000E+03,2.99E+03,0.00E+03,1.25E+03,0.00E+03,0.923E+00
2022-07-04 18:00:00,0009:30:00,00000000,50.02E+00,232.5E+00,232.5E+00,0.0E+00,222.8E+00,222.8E+00,-118.7E+00,238.2E+00,238.2E+00,121.1E+00,1.04E+00,1.03E+00,-43.0E+00,13.51E+00,13.49E+00,-132.0E+00,4.11E+00,3.93E+00,136.2E+00,0.17E+03,2.90E+03,0.90E+03,3.98E+03,0.24E+03,3.01E+03,0.98E+03,4.23E+03,0.17E+03,0.70E+03,-0.38E+03,1.30E+03,0.723E+00,0.965E+00,-0.922E+00,0.941E+00,48.644E+03,-2.319E+03,24.234E+03,-0.735E+03,0.00000E+00,0.332E+03,0.000E+03,0.113E+03,-0.004E+03,3.98E+03,0.00E+03,1.36E+03,-0.05E+03,0.947E+00
2022-07-04 18:05:00,0009:35:00,00000000,50.03E+00,232.3E+00,232.3E+00,0.0E+00,223.1E+00,223.1E+00,-118.7E+00,238.4E+00,238.4E+00,121.2E+00,4.75E+00,4.72E+00,-45.5E+00,10.64E+00,10.64E+00,-118.7E+00,3.93E+00,3.74E+00,137.1E+00,0.77E+03,2.37E+03,0.86E+03,4.00E+03,1.10E+03,2.37E+03,0.94E+03,4.41E+03,0.79E+03,-0.05E+03,-0.38E+03,1.53E+03,0.696E+00,-1.000E+00,-0.916E+00,0.906E+00,48.977E+03,-2.319E+03,24.374E+03,-0.747E+03,0.00000E+00,0.333E+03,0.000E+03,0.140E+03,-0.012E+03,4.00E+03,0.00E+03,1.68E+03,-0.15E+03,0.922E+00
2022-07-04 18:10:00,0009:40:00,00000000,50.04E+00,232.2E+00,232.2E+00,0.0E+00,223.3E+00,223.3E+00,-118.6E+00,238.1E+00,238.1E+00,121.3E+00,0.00E+00,0.00E+00,-2.4E+00,1.59E+00,1.58E+00,-127.2E+00,4.25E+00,4.07E+00,132.6E+00,0.00E+03,0.35E+03,0.95E+03,1.30E+03,0.00E+03,0.35E+03,1.01E+03,1.37E+03,0.00E+03,0.06E+03,-0.35E+03,-0.42E+03,0.000E+99,0.984E+00,-0.938E+00,-0.950E+00,49.085E+03,-2.319E+03,24.374E+03,-0.782E+03,0.00000E+00,0.108E+03,0.000E+03,0.000E+03,-0.035E+03,1.30E+03,0.00E+03,0.00E+03,-0.42E+03,1.000E+00
2022-07-04 18:15:00,0009:45:00,00000000,50.02E+00,232.3E+00,232.3E+00,0.0E+00,223.3E+00,223.3E+00,-118.6E+00,237.9E+00,237.9E+00,121.3E+00,0.00E+00,0.00E+00,-2.4E+00,2.41E+00,2.40E+00,-126.6E+00,4.09E+00,3.91E+00,131.4E+00,0.00E+03,0.53E+03,0.92E+03,1.45E+03,0.00E+03,0.54E+03,0.97E+03,1.51E+03,0.00E+03,0.09E+03,-0.33E+03,-0.44E+03,0.000E+99,0.985E+00,-0.941E+00,-0.957E+00,49.206E+03,-2.319E+03,24.374E+03,-0.819E+03,0.00000E+00,0.121E+03,0.000E+03,0.000E+03,-0.037E+03,1.45E+03,0.00E+03,0.00E+03,-0.44E+03,1.000E+00
2022-07-04 18:20:00,0009:50:00,00000000,49.99E+00,232.5E+00,232.4E+00,0.0E+00,223.6E+00,223.5E+00,-118.6E+00,238.4E+00,238.4E+00,121.3E+00,3.10E+00,3.08E+00,-45.4E+00,2.42E+00,2.41E+00,-126.4E+00,4.10E+00,3.92E+00,135.1E+00,0.50E+03,0.53E+03,0.91E+03,1.94E+03,0.72E+03,0.54E+03,0.98E+03,2.24E+03,0.52E+03,0.09E+03,-0.36E+03,0.59E+03,0.695E+00,0.986E+00,-0.927E+00,0.867E+00,49.367E+03,-2.319E+03,24.443E+03,-0.839E+03,0.00000E+00,0.162E+03,0.000E+03,0.069E+03,-0.020E+03,1.94E+03,0.00E+03,0.83E+03,-0.24E+03,0.920E+00
2022-07-04 18:25:00,0009:55:00,00000000,50.00E+00,233.1E+00,233.1E+00,0.0E+00,224.3E+00,224.3E+00,-118.6E+00,238.8E+00,238.8E+00,121.3E+00,2.48E+00,2.47E+00,-47.1E+00,2.42E+00,2.41E+00,-126.3E+00,5.41E+00,5.27E+00,114.4E+00,0.39E+03,0.54E+03,1.23E+03,2.15E+03,0.58E+03,0.54E+03,1.29E+03,2.41E+03,0.43E+03,0.09E+03,0.21E+03,1.01E+03,0.676E+00,0.986E+00,0.950E+00,0.893E+00,49.547E+03,-2.319E+03,24.527E+03,-0.839E+03,0.00000E+00,0.180E+03,0.000E+03,0.084E+03,0.000E+03,2.15E+03,0.00E+03,1.01E+03,0.00E+03,0.906E+00
2022-07-04 18:30:00,0010:00:00,00000000,50.00E+00,233.4E+00,233.4E+00,0.0E+00,224.5E+00,224.5E+00,-118.5E+00,239.0E+00,239.0E+00,121.3E+00,0.00E+00,0.00E+00,-2.4E+00,2.43E+00,2.41E+00,-126.2E+00,4.82E+00,4.67E+00,114.8E+00,0.00E+03,0.54E+03,1.08E+03,1.62E+03,0.00E+03,0.54E+03,1.15E+03,1.70E+03,0.00E+03,0.09E+03,0.17E+03,0.21E+03,0.000E+99,0.986E+00,0.939E+00,0.954E+00,49.682E+03,-2.319E+03,24.557E+03,-0.851E+03,0.00000E+00,0.135E+03,0.000E+03,0.030E+03,-0.012E+03,1.62E+03,0.00E+03,0.36E+03,-0.15E+03,0.977E+00
2022-07-04 18:35:00,0010:05:00,00000000,50.02E+00,233.6E+00,233.6E+00,0.0E+00,224.8E+00,224.8E+00,-118.5E+00,239.3E+00,239.3E+00,121.3E+00,0.00E+00,0.00E+00,-2.4E+00,2.43E+00,2.42E+00,-126.2E+00,4.16E+00,3.99E+00,129.9E+00,0.00E+03,0.54E+03,0.94E+03,1.48E+03,0.00E+03,0.55E+03,1.00E+03,1.54E+03,0.00E+03,0.09E+03,-0.32E+03,-0.29E+03,0.000E+99,0.986E+00,-0.942E+00,-0.958E+00,49.805E+03,-2.319E+03,24.563E+03,-0.882E+03,0.00000E+00,0.123E+03,0.000E+03,0.006E+03,-0.030E+03,1.48E+03,0.00E+03,0.07E+03,-0.36E+03,0.999E+00
2022-07-04 18:40:00,0010:10:00,00000000,50.01E+00,233.8E+00,233.7E+00,0.0E+00,225.2E+00,225.2E+00,-118.6E+00,239.8E+00,239.7E+00,121.3E+00,2.35E+00,2.34E+00,-45.5E+00,2.43E+00,2.42E+00,-126.3E+00,4.16E+00,4.00E+00,125.5E+00,0.38E+03,0.54E+03,0.96E+03,1.88E+03,0.55E+03,0.55E+03,1.00E+03,2.10E+03,0.40E+03,0.09E+03,-0.29E+03,0.71E+03,0.695E+00,0.986E+00,-0.957E+00,0.896E+00,49.961E+03,-2.319E+03,24.629E+03,-0.888E+03,0.00000E+00,0.156E+03,0.000E+03,0.066E+03,-0.006E+03,1.88E+03,0.00E+03,0.79E+03,-0.08E+03,0.922E+00
2022-07-04 18:45:00,0010:15:00,00000000,50.01E+00,234.1E+00,234.1E+00,0.0E+00,225.2E+00,225.2E+00,-118.5E+00,240.0E+00,240.0E+00,121.3E+00,0.00E+00,0.00E+00,-2.4E+00,2.43E+00,2.42E+00,-126.2E+00,4.50E+00,4.34E+00,125.5E+00,0.00E+03,0.54E+03,1.04E+03,1.58E+03,0.00E+03,0.55E+03,1.08E+03,1.63E+03,0.00E+03,0.09E+03,-0.29E+03,0.03E+03,0.000E+99,0.986E+00,-0.962E+00,-0.970E+00,50.093E+03,-2.319E+03,24.646E+03,-0.903E+03,0.00000E+00,0.131E+03,0.000E+03,0.018E+03,-0.015E+03,1.58E+03,0.00E+03,0.21E+03,-0.18E+03,0.991E+00
2022-07-04 18:50:00,0010:20:00,00000000,50.01E+00,234.7E+00,234.6E+00,0.0E+00,225.1E+00,225.1E+00,-118.7E+00,240.3E+00,240.3E+00,121.1E+00,3.13E+00,3.11E+00,-46.3E+00,8.21E+00,8.18E+00,-140.1E+00,4.73E+00,4.58E+00,125.3E+00,0.50E+03,1.71E+03,1.10E+03,3.30E+03,0.73E+03,1.85E+03,1.14E+03,3.72E+03,0.54E+03,0.70E+03,-0.30E+03,1.64E+03,0.684E+00,0.923E+00,-0.965E+00,0.889E+00,50.368E+03,-2.319E+03,24.784E+03,-0.904E+03,0.00000E+00,0.275E+03,0.000E+03,0.138E+03,-0.001E+03,3.30E+03,0.00E+03,1.65E+03,-0.01E+03,0.895E+00
2022-07-04 18:55:00,0010:25:00,00000000,50.01E+00,235.2E+00,235.1E+00,0.0E+00,225.1E+00,225.1E+00,-118.7E+00,240.2E+00,240.2E+00,121.1E+00,0.00E+00,0.00E+00,-2.4E+00,9.93E+00,9.89E+00,-142.7E+00,4.62E+00,4.47E+00,125.3E+00,0.00E+03,2.03E+03,1.07E+03,3.10E+03,0.00E+03,2.24E+03,1.11E+03,3.35E+03,0.00E+03,0.93E+03,-0.30E+03,1.25E+03,0.000E+99,0.909E+00,-0.964E+00,0.927E+00,50.626E+03,-2.319E+03,24.888E+03,-0.904E+03,0.00000E+00,0.259E+03,0.000E+03,0.104E+03,0.000E+03,3.10E+03,0.00E+03,1.25E+03,0.00E+03,0.927E+00
2022-07-04 19:00:00,0010:30:00,00000000,50.00E+00,234.8E+00,234.8E+00,0.0E+00,225.4E+00,225.3E+00,-118.8E+00,240.4E+00,240.3E+00,121.1E+00,4.05E+00,4.03E+00,-46.7E+00,9.70E+00,9.66E+00,-143.9E+00,4.99E+00,4.84E+00,122.1E+00,0.65E+03,1.97E+03,1.16E+03,3.78E+03,0.95E+03,2.19E+03,1.20E+03,4.34E+03,0.70E+03,0.95E+03,-0.20E+03,2.11E+03,0.680E+00,0.901E+00,-0.970E+00,0.872E+00,50.941E+03,-2.319E+03,25.064E+03,-0.904E+03,0.00000E+00,0.315E+03,0.000E+03,0.176E+03,0.000E+03,3.78E+03,0.00E+03,2.11E+03,0.00E+03,0.873E+00
2022-07-04 19:05:00,0010:35:00,00000000,50.02E+00,235.0E+00,235.0E+00,0.0E+00,225.6E+00,225.5E+00,-118.7E+00,240.3E+00,240.3E+00,121.1E+00,1.50E+00,1.49E+00,-47.8E+00,7.75E+00,7.69E+00,-155.1E+00,5.06E+00,4.92E+00,121.2E+00,0.24E+03,1.37E+03,1.18E+03,2.78E+03,0.35E+03,1.75E+03,1.22E+03,3.32E+03,0.26E+03,1.03E+03,-0.13E+03,1.78E+03,0.666E+00,0.782E+00,-0.971E+00,0.839E+00,51.173E+03,-2.319E+03,25.212E+03,-0.904E+03,0.00000E+00,0.232E+03,0.000E+03,0.148E+03,0.000E+03,2.78E+03,0.00E+03,1.78E+03,0.00E+03,0.843E+00
2022-07-04 19:10:00,0010:40:00,00000000,50.01E+00,235.1E+00,235.1E+00,0.0E+00,225.6E+00,225.6E+00,-118.6E+00,240.7E+00,240.7E+00,121.2E+00,0.00E+00,0.00E+00,-2.4E+00,8.14E+00,8.08E+00,-152.4E+00,4.63E+00,4.48E+00,123.3E+00,0.00E+03,1.49E+03,1.08E+03,2.56E+03,0.00E+03,1.84E+03,1.11E+03,2.95E+03,0.00E+03,1.02E+03,-0.08E+03,1.42E+03,0.000E+99,0.810E+00,-0.965E+00,0.868E+00,51.387E+03,-2.319E+03,25.330E+03,-0.904E+03,0.00000E+00,0.213E+03,0.000E+03,0.118E+03,0.000E+03,2.56E+03,0.00E+03,1.42E+03,0.00E+03,0.875E+00
2022-07-04 19:15:00,0010:45:00,00000000,50.00E+00,235.2E+00,235.2E+00,0.0E+00,225.9E+00,225.9E+00,-118.6E+00,240.8E+00,240.8E+00,121.1E+00,0.00E+00,0.00E+00,-2.4E+00,7.88E+00,7.82E+00,-154.9E+00,4.63E+00,4.48E+00,125.3E+00,0.00E+03,1.39E+03,1.07E+03,2.47E+03,0.00E+03,1.78E+03,1.12E+03,2.90E+03,0.00E+03,1.05E+03,-0.30E+03,1.46E+03,0.000E+99,0.783E+00,-0.964E+00,0.853E+00,51.593E+03,-2.319E+03,25.452E+03,-0.904E+03,0.00000E+00,0.206E+03,0.000E+03,0.121E+03,0.000E+03,2.47E+03,0.00E+03,1.46E+03,0.00E+03,0.861E+00
2022-07-04 19:20:00,0010:50:00,00000000,50.00E+00,235.2E+00,235.2E+00,0.0E+00,225.9E+00,225.8E+00,-118.7E+00,240.7E+00,240.7E+00,121.1E+00,2.99E+00,2.97E+00,-46.5E+00,7.81E+00,7.75E+00,-155.7E+00,4.60E+00,4.44E+00,125.3E+00,0.48E+03,1.37E+03,1.07E+03,2.91E+03,0.70E+03,1.76E+03,1.11E+03,3.57E+03,0.51E+03,1.05E+03,-0.30E+03,2.02E+03,0.683E+00,0.776E+00,-0.963E+00,0.816E+00,51.835E+03,-2.319E+03,25.620E+03,-0.904E+03,0.00000E+00,0.243E+03,0.000E+03,0.169E+03,0.000E+03,2.91E+03,0.00E+03,2.02E+03,0.00E+03,0.821E+00
2022-07-04 19:25:00,0010:55:00,00000000,50.00E+00,235.2E+00,235.2E+00,0.0E+00,225.8E+00,225.8E+00,-118.6E+00,240.6E+00,240.6E+00,121.2E+00,0.00E+00,0.00E+00,-2.4E+00,7.73E+00,7.66E+00,-156.3E+00,4.70E+00,4.55E+00,125.4E+00,0.00E+03,1.34E+03,1.09E+03,2.43E+03,0.00E+03,1.74E+03,1.13E+03,2.88E+03,0.00E+03,1.06E+03,-0.30E+03,1.49E+03,0.000E+99,0.769E+00,-0.964E+00,0.846E+00,52.038E+03,-2.319E+03,25.744E+03,-0.904E+03,0.00000E+00,0.203E+03,0.000E+03,0.124E+03,0.000E+03,2.43E+03,0.00E+03,1.49E+03,0.00E+03,0.853E+00
2022-07-04 19:30:00,0011:00:00,00000000,50.00E+00,235.3E+00,235.3E+00,0.0E+00,225.9E+00,225.9E+00,-118.7E+00,240.8E+00,240.8E+00,121.1E+00,1.55E+00,1.54E+00,-46.0E+00,7.66E+00,7.60E+00,-157.1E+00,4.86E+00,4.71E+00,125.4E+00,0.25E+03,1.32E+03,1.13E+03,2.70E+03,0.36E+03,1.73E+03,1.17E+03,3.27E+03,0.26E+03,1.07E+03,-0.30E+03,1.81E+03,0.689E+00,0.760E+00,-0.966E+00,0.826E+00,52.263E+03,-2.319E+03,25.895E+03,-0.904E+03,0.00000E+00,0.225E+03,0.000E+03,0.151E+03,0.000E+03,2.70E+03,0.00E+03,1.81E+03,0.00E+03,0.830E+00
2022-07-04 19:35:00,0011:05:00,00000000,49.99E+00,235.5E+00,235.4E+00,0.0E+00,226.2E+00,226.2E+00,-118.6E+00,241.0E+00,241.0E+00,121.1E+00,0.73E+00,0.73E+00,-45.8E+00,7.68E+00,7.62E+00,-157.8E+00,4.72E+00,4.57E+00,128.4E+00,0.12E+03,1.31E+03,1.09E+03,2.51E+03,0.17E+03,1.74E+03,1.14E+03,3.05E+03,0.12E+03,1.09E+03,-0.33E+03,1.67E+03,0.689E+00,0.753E+00,-0.956E+00,0.825E+00,52.472E+03,-2.319E+03,26.034E+03,-0.904E+03,0.00000E+00,0.209E+03,0.000E+03,0.139E+03,0.000E+03,2.51E+03,0.00E+03,1.67E+03,0.00E+03,0.833E+00
2022-07-04 19:40:00,0011:10:00,00000000,50.01E+00,235.7E+00,235.7E+00,0.0E+00,226.6E+00,226.6E+00,-118.7E+00,241.3E+00,241.2E+00,121.1E+00,1.30E+00,1.29E+00,-47.2E+00,7.68E+00,7.62E+00,-158.2E+00,4.11E+00,3.93E+00,136.3E+00,0.21E+03,1.30E+03,0.91E+03,2.42E+03,0.31E+03,1.74E+03,0.99E+03,3.04E+03,0.23E+03,1.10E+03,-0.38E+03,1.79E+03,0.674E+00,0.748E+00,-0.922E+00,0.797E+00,52.674E+03,-2.319E+03,26.183E+03,-0.904E+03,0.00000E+00,0.202E+03,0.000E+03,0.149E+03,0.000E+03,2.42E+03,0.00E+03,1.79E+03,0.00E+03,0.805E+00
2022-07-04 19:45:00,0011:15:00,00000000,50.00E+00,235.7E+00,235.7E+00,0.0E+00,226.7E+00,226.6E+00,-118.7E+00,241.3E+00,241.3E+00,121.1E+00,1.91E+00,1.89E+00,-46.6E+00,7.66E+00,7.59E+00,-158.7E+00,4.33E+00,4.16E+00,135.7E+00,0.30E+03,1.29E+03,0.97E+03,2.57E+03,0.45E+03,1.74E+03,1.05E+03,3.23E+03,0.33E+03,1.11E+03,-0.39E+03,1.94E+03,0.679E+00,0.743E+00,-0.929E+00,0.794E+00,52.888E+03,-2.319E+03,26.345E+03,-0.904E+03,0.00000E+00,0.214E+03,0.000E+03,0.161E+03,0.000E+03,2.57E+03,0.00E+03,1.94E+03,0.00E+03,0.798E+00
2022-07-04 19:50:00,0011:20:00,00000000,49.99E+00,235.9E+00,235.9E+00,0.0E+00,226.7E+00,226.6E+00,-118.7E+00,241.2E+00,241.2E+00,121.1E+00,0.00E+00,0.00E+00,-2.4E+00,7.67E+00,7.60E+00,-158.8E+00,4.55E+00,4.38E+00,134.0E+00,0.00E+03,1.29E+03,1.03E+03,2.32E+03,0.00E+03,1.74E+03,1.10E+03,2.83E+03,0.00E+03,1.11E+03,-0.38E+03,1.59E+03,0.000E+99,0.742E+00,-0.938E+00,0.818E+00,53.081E+03,-2.319E+03,26.477E+03,-0.904E+03,0.00000E+00,0.193E+03,0.000E+03,0.132E+03,0.000E+03,2.32E+03,0.00E+03,1.59E+03,0.00E+03,0.825E+00
2022-07-04 19:55:00,0011:25:00,00000000,50.00E+00,235.8E+00,235.8E+00,0.0E+00,226.7E+00,226.7E+00,-118.7E+00,241.3E+00,241.3E+00,121.1E+00,1.99E+00,1.97E+00,-46.8E+00,7.62E+00,7.55E+00,-159.3E+00,4.58E+00,4.42E+00,130.3E+00,0.32E+03,1.27E+03,1.05E+03,2.64E+03,0.47E+03,1.73E+03,1.11E+03,3.30E+03,0.34E+03,1.11E+03,-0.34E+03,1.93E+03,0.677E+00,0.736E+00,-0.951E+00,0.800E+00,53.301E+03,-2.319E+03,26.638E+03,-0.904E+03,0.00000E+00,0.220E+03,0.000E+03,0.161E+03,0.000E+03,2.64E+03,0.00E+03,1.93E+03,0.00E+03,0.807E+00
2022-07-04 20:00:00,0011:30:00,00000000,50.00E+00,236.0E+00,236.0E+00,0.0E+00,226.7E+00,226.7E+00,-118.7E+00,241.2E+00,241.2E+00,121.1E+00,0.00E+00,0.00E+00,-2.4E+00,7.64E+00,7.58E+00,-159.2E+00,4.68E+00,4.52E+00,131.1E+00,0.00E+03,1.28E+03,1.07E+03,2.35E+03,0.00E+03,1.73E+03,1.13E+03,2.86E+03,0.00E+03,1.12E+03,-0.35E+03,1.59E+03,0.000E+99,0.736E+00,-0.950E+00,0.821E+00,53.497E+03,-2.319E+03,26.770E+03,-0.904E+03,0.00000E+00,0.196E+03,0.000E+03,0.132E+03,0.000E+03,2.35E+03,0.00E+03,1.59E+03,0.00E+03,0.828E+00
2022-07-04 20:05:00,0011:35:00,00000000,50.00E+00,236.3E+00,236.2E+00,0.0E+00,226.9E+00,226.9E+00,-118.7E+00,241.5E+00,241.5E+00,121.0E+00,0.00E+00,0.00E+00,-2.4E+00,7.67E+00,7.60E+00,-159.5E+00,4.88E+00,4.72E+00,134.3E+00,0.00E+03,1.28E+03,1.11E+03,2.38E+03,0.00E+03,1.74E+03,1.18E+03,2.92E+03,0.00E+03,1.13E+03,-0.40E+03,1.64E+03,0.000E+99,0.734E+00,-0.941E+00,0.817E+00,53.696E+03,-2.319E+03,26.907E+03,-0.904E+03,0.00000E+00,0.199E+03,0.000E+03,0.136E+03,0.000E+03,2.38E+03,0.00E+03,1.64E+03,0.00E+03,0.824E+00
2022-07-04 20:10:00,0011:40:00,00000000,50.01E+00,236.2E+00,236.2E+00,0.0E+00,227.1E+00,227.1E+00,-118.7E+00,241.6E+00,241.6E+00,121.0E+00,0.00E+00,0.00E+00,-2.4E+00,7.66E+00,7.59E+00,-160.0E+00,4.96E+00,4.81E+00,134.2E+00,0.00E+03,1.27E+03,1.13E+03,2.40E+03,0.00E+03,1.74E+03,1.20E+03,2.94E+03,0.00E+03,1.14E+03,-0.40E+03,1.66E+03,0.000E+99,0.728E+00,-0.942E+00,0.816E+00,53.895E+03,-2.319E+03,27.045E+03,-0.904E+03,0.00000E+00,0.200E+03,0.000E+03,0.138E+03,0.000E+03,2.40E+03,0.00E+03,1.66E+03,0.00E+03,0.823E+00
2022-07-04 20:15:00,0011:45:00,00000000,49.98E+00,236.3E+00,236.3E+00,0.0E+00,227.2E+00,227.2E+00,-118.7E+00,241.6E+00,241.6E+00,121.0E+00,0.00E+00,0.00E+00,-2.3E+00,7.63E+00,7.56E+00,-160.9E+00,5.20E+00,5.06E+00,126.4E+00,0.00E+03,1.25E+03,1.21E+03,2.46E+03,0.00E+03,1.73E+03,1.26E+03,2.99E+03,0.00E+03,1.15E+03,-0.32E+03,1.66E+03,0.000E+99,0.718E+00,-0.966E+00,0.822E+00,54.100E+03,-2.319E+03,27.183E+03,-0.904E+03,0.00000E+00,0.205E+03,0.000E+03,0.138E+03,0.000E+03,2.46E+03,0.00E+03,1.66E+03,0.00E+03,0.829E+00
2022-07-04 20:20:00,0011:50:00,00000000,49.98E+00,236.2E+00,236.2E+00,0.0E+00,227.3E+00,227.3E+00,-118.6E+00,240.7E+00,240.7E+00,121.0E+00,0.00E+00,0.00E+00,-2.3E+00,7.57E+00,7.50E+00,-161.1E+00,16.86E+00,16.81E+00,122.0E+00,0.00E+03,1.23E+03,4.04E+03,5.27E+03,0.00E+03,1.72E+03,4.06E+03,5.78E+03,0.00E+03,1.15E+03,-0.31E+03,2.31E+03,0.000E+99,0.714E+00,-0.997E+00,0.912E+00,54.540E+03,-2.319E+03,27.376E+03,-0.904E+03,0.00000E+00,0.439E+03,0.000E+03,0.193E+03,0.000E+03,5.27E+03,0.00E+03,2.31E+03,0.00E+03,0.916E+00
2022-07-04 20:25:00,0011:55:00,00000000,49.98E+00,236.4E+00,236.4E+00,0.0E+00,227.5E+00,227.5E+00,-118.6E+00,240.9E+00,240.8E+00,121.0E+00,1.91E+00,1.90E+00,-47.0E+00,7.61E+00,7.54E+00,-161.1E+00,18.20E+00,18.16E+00,121.9E+00,0.30E+03,1.24E+03,4.37E+03,5.92E+03,0.45E+03,1.73E+03,4.38E+03,6.57E+03,0.33E+03,1.16E+03,-0.31E+03,2.82E+03,0.676E+00,0.715E+00,-0.998E+00,0.901E+00,55.033E+03,-2.319E+03,27.611E+03,-0.904E+03,0.00000E+00,0.493E+03,0.000E+03,0.235E+03,0.000E+03,5.92E+03,0.00E+03,2.82E+03,0.00E+03,0.903E+00
2022-07-04 20:30:00,0012:00:00,00000000,49.98E+00,236.3E+00,236.3E+00,0.0E+00,227.6E+00,227.6E+00,-118.6E+00,241.3E+00,241.3E+00,121.0E+00,6.09E+00,6.05E+00,-48.2E+00,7.61E+00,7.54E+00,-161.5E+00,17.76E+00,17.71E+00,122.0E+00,0.95E+03,1.23E+03,4.27E+03,6.46E+03,1.44E+03,1.73E+03,4.28E+03,7.46E+03,1.08E+03,1.17E+03,-0.31E+03,3.71E+03,0.661E+00,0.711E+00,-0.997E+00,0.866E+00,55.571E+03,-2.319E+03,27.920E+03,-0.904E+03,0.00000E+00,0.538E+03,0.000E+03,0.309E+03,0.000E+03,6.46E+03,0.00E+03,3.71E+03,0.00E+03,0.867E+00
2022-07-04 20:35:00,0012:05:00,00000000,49.98E+00,236.4E+00,236.4E+00,0.0E+00,227.4E+00,227.4E+00,-118.7E+00,241.9E+00,241.9E+00,121.1E+00,0.01E+00,0.01E+00,-48.9E+00,7.54E+00,7.47E+00,-161.8E+00,5.37E+00,5.23E+00,123.9E+00,0.00E+03,1.21E+03,1.26E+03,2.48E+03,0.00E+03,1.71E+03,1.30E+03,3.02E+03,0.00E+03,1.16E+03,-0.30E+03,1.68E+03,0.611E+00,0.708E+00,-0.972E+00,0.822E+00,55.777E+03,-2.319E+03,28.060E+03,-0.904E+03,0.00000E+00,0.206E+03,0.000E+03,0.140E+03,0.000E+03,2.48E+03,0.00E+03,1.68E+03,0.00E+03,0.828E+00
2022-07-04 20:40:00,0012:10:00,00000000,49.97E+00,236.5E+00,236.5E+00,0.0E+00,227.6E+00,227.5E+00,-118.7E+00,242.1E+00,242.1E+00,121.0E+00,0.00E+00,0.00E+00,-2.3E+00,7.60E+00,7.53E+00,-161.9E+00,1.67E+00,1.62E+00,121.0E+00,0.00E+03,1.22E+03,0.39E+03,1.62E+03,0.00E+03,1.73E+03,0.40E+03,2.13E+03,0.00E+03,1.17E+03,-0.06E+03,1.29E+03,0.000E+99,0.708E+00,0.972E+00,0.758E+00,55.912E+03,-2.319E+03,28.167E+03,-0.904E+03,0.00000E+00,0.135E+03,0.000E+03,0.108E+03,0.000E+03,1.62E+03,0.00E+03,1.29E+03,0.00E+03,0.781E+00
2022-07-04 20:45:00,0012:15:00,00000000,49.98E+00,236.5E+00,236.5E+00,0.0E+00,227.7E+00,227.7E+00,-118.7E+00,242.3E+00,242.2E+00,121.0E+00,3.01E+00,2.99E+00,-46.8E+00,7.62E+00,7.54E+00,-162.0E+00,4.71E+00,4.57E+00,122.7E+00,0.48E+03,1.22E+03,1.11E+03,2.81E+03,0.71E+03,1.73E+03,1.14E+03,3.59E+03,0.52E+03,1.18E+03,-0.10E+03,2.17E+03,0.678E+00,0.706E+00,-0.968E+00,0.784E+00,56.146E+03,-2.319E+03,28.348E+03,-0.904E+03,0.00000E+00,0.234E+03,0.000E+03,0.180E+03,0.000E+03,2.81E+03,0.00E+03,2.17E+03,0.00E+03,0.792E+00
2022-07-04 20:50:00,0012:20:00,00000000,50.00E+00,236.6E+00,236.6E+00,0.0E+00,227.7E+00,227.7E+00,-118.8E+00,242.3E+00,242.3E+00,121.0E+00,2.91E+00,2.89E+00,-48.5E+00,7.73E+00,7.66E+00,-160.6E+00,5.02E+00,4.87E+00,125.3E+00,0.45E+03,1.27E+03,1.18E+03,2.90E+03,0.69E+03,1.76E+03,1.22E+03,3.66E+03,0.52E+03,1.16E+03,-0.30E+03,2.23E+03,0.657E+00,0.723E+00,-0.968E+00,0.792E+00,56.388E+03,-2.319E+03,28.533E+03,-0.904E+03,0.00000E+00,0.242E+03,0.000E+03,0.185E+03,0.000E+03,2.90E+03,0.00E+03,2.23E+03,0.00E+03,0.793E+00
2022-07-04 20:55:00,0012:25:00,00000000,50.00E+00,236.9E+00,236.9E+00,0.0E+00,227.8E+00,227.8E+00,-118.7E+00,242.2E+00,242.2E+00,121.0E+00,0.00E+00,0.00E+00,-2.4E+00,7.74E+00,7.67E+00,-160.7E+00,5.23E+00,5.10E+00,125.3E+00,0.00E+03,1.27E+03,1.23E+03,2.50E+03,0.00E+03,1.76E+03,1.27E+03,3.03E+03,0.00E+03,1.17E+03,-0.31E+03,1.67E+03,0.000E+99,0.721E+00,-0.970E+00,0.826E+00,56.597E+03,-2.319E+03,28.672E+03,-0.904E+03,0.00000E+00,0.208E+03,0.000E+03,0.139E+03,0.000E+03,2.50E+03,0.00E+03,1.67E+03,0.00E+03,0.832E+00
2022-07-04 21:00:00,0012:30:00,00000000,50.00E+00,237.3E+00,237.3E+00,0.0E+00,228.1E+00,228.1E+00,-118.8E+00,242.3E+00,242.3E+00,121.0E+00,0.00E+00,0.00E+00,-2.4E+00,7.76E+00,7.69E+00,-161.0E+00,7.11E+00,7.00E+00,124.7E+00,0.00E+03,1.27E+03,1.69E+03,2.96E+03,0.00E+03,1.77E+03,1.72E+03,3.49E+03,0.00E+03,1.18E+03,-0.32E+03,1.80E+03,0.000E+99,0.718E+00,-0.983E+00,0.849E+00,56.844E+03,-2.319E+03,28.822E+03,-0.904E+03,0.00000E+00,0.247E+03,0.000E+03,0.150E+03,0.000E+03,2.96E+03,0.00E+03,1.80E+03,0.00E+03,0.855E+00
2022-07-04 21:05:00,0012:35:00,00000000,50.00E+00,235.7E+00,235.7E+00,0.0E+00,226.6E+00,226.6E+00,-118.8E+00,241.1E+00,241.1E+00,121.0E+00,2.67E+00,2.65E+00,-46.7E+00,7.56E+00,7.49E+00,-160.2E+00,5.64E+00,5.51E+00,125.1E+00,0.43E+03,1.25E+03,1.33E+03,3.00E+03,0.63E+03,1.71E+03,1.36E+03,3.71E+03,0.46E+03,1.12E+03,-0.31E+03,2.16E+03,0.679E+00,0.729E+00,-0.973E+00,0.810E+00,57.094E+03,-2.319E+03,29.002E+03,-0.904E+03,0.00000E+00,0.250E+03,0.000E+03,0.180E+03,0.000E+03,3.00E+03,0.00E+03,2.16E+03,0.00E+03,0.812E+00
2022-07-04 21:10:00,0012:40:00,00000000,50.00E+00,234.7E+00,234.6E+00,0.0E+00,225.3E+00,225.3E+00,-118.9E+00,239.8E+00,239.8E+00,120.9E+00,0.00E+00,0.00E+00,-2.4E+00,9.87E+00,9.81E+00,-146.8E+00,5.18E+00,5.03E+00,126.7E+00,0.00E+03,1.90E+03,1.20E+03,3.10E+03,0.00E+03,2.22E+03,1.24E+03,3.46E+03,0.00E+03,1.04E+03,-0.32E+03,1.46E+03,0.000E+99,0.857E+00,-0.965E+00,0.896E+00,57.353E+03,-2.319E+03,29.123E+03,-0.904E+03,0.00000E+00,0.259E+03,0.000E+03,0.121E+03,0.000E+03,3.10E+03,0.00E+03,1.46E+03,0.00E+03,0.905E+00
2022-07-04 21:15:00,0012:45:00,00000000,50.01E+00,234.6E+00,234.6E+00,0.0E+00,225.0E+00,224.9E+00,-119.0E+00,240.1E+00,240.0E+00,120.9E+00,2.12E+00,2.10E+00,-46.2E+00,13.22E+00,13.20E+00,-130.5E+00,5.01E+00,4.85E+00,134.0E+00,0.34E+03,2.88E+03,1.13E+03,4.35E+03,0.50E+03,2.97E+03,1.20E+03,4.67E+03,0.36E+03,0.59E+03,-0.40E+03,1.01E+03,0.685E+00,0.968E+00,-0.943E+00,0.931E+00,57.715E+03,-2.319E+03,29.232E+03,-0.928E+03,0.00000E+00,0.363E+03,0.000E+03,0.108E+03,-0.024E+03,4.35E+03,0.00E+03,1.30E+03,-0.29E+03,0.958E+00
2022-07-04 21:20:00,0012:50:00,00000000,50.00E+00,234.9E+00,234.9E+00,0.0E+00,225.3E+00,225.3E+00,-119.0E+00,240.3E+00,240.3E+00,120.9E+00,0.00E+00,0.00E+00,-2.4E+00,11.44E+00,11.43E+00,-119.0E+00,5.03E+00,4.87E+00,133.9E+00,0.00E+03,2.58E+03,1.14E+03,3.72E+03,0.00E+03,2.58E+03,1.21E+03,3.78E+03,0.00E+03,0.00E+03,-0.40E+03,-0.72E+03,0.000E+99,1.000E+00,-0.943E+00,-0.982E+00,58.025E+03,-2.319E+03,29.232E+03,-0.988E+03,0.00000E+00,0.310E+03,0.000E+03,0.000E+03,-0.060E+03,3.72E+03,0.00E+03,0.00E+03,-0.72E+03,1.000E+00
2022-07-04 21:25:00,0012:55:00,00000000,50.01E+00,234.6E+00,234.5E+00,0.0E+00,225.9E+00,225.9E+00,-118.8E+00,240.4E+00,240.3E+00,121.0E+00,2.70E+00,2.68E+00,-46.7E+00,1.45E+00,1.45E+00,-127.9E+00,5.11E+00,4.95E+00,132.6E+00,0.43E+03,0.32E+03,1.16E+03,1.92E+03,0.63E+03,0.33E+03,1.23E+03,2.19E+03,0.46E+03,0.06E+03,-0.39E+03,0.46E+03,0.680E+00,0.982E+00,-0.949E+00,0.876E+00,58.184E+03,-2.319E+03,29.292E+03,-1.010E+03,0.00000E+00,0.160E+03,0.000E+03,0.060E+03,-0.022E+03,1.92E+03,0.00E+03,0.72E+03,-0.26E+03,0.936E+00
2022-07-04 21:30:00,0013:00:00,00000000,50.01E+00,234.9E+00,234.9E+00,0.0E+00,226.2E+00,226.2E+00,-118.8E+00,240.4E+00,240.4E+00,121.0E+00,0.00E+00,0.00E+00,-2.4E+00,2.43E+00,2.42E+00,-127.3E+00,5.22E+00,5.06E+00,129.6E+00,0.00E+03,0.54E+03,1.20E+03,1.74E+03,0.00E+03,0.55E+03,1.25E+03,1.80E+03,0.00E+03,0.10E+03,-0.35E+03,-0.46E+03,0.000E+99,0.984E+00,-0.960E+00,-0.967E+00,58.330E+03,-2.319E+03,29.292E+03,-1.049E+03,0.00000E+00,0.145E+03,0.000E+03,0.000E+03,-0.038E+03,1.74E+03,0.00E+03,0.00E+03,-0.46E+03,1.000E+00
2022-07-04 21:35:00,0013:05:00,00000000,50.01E+00,234.4E+00,234.4E+00,0.0E+00,225.7E+00,225.7E+00,-118.8E+00,239.9E+00,239.9E+00,121.0E+00,1.73E+00,1.71E+00,-46.1E+00,2.43E+00,2.42E+00,-126.9E+00,5.18E+00,5.02E+00,130.9E+00,0.28E+03,0.54E+03,1.19E+03,2.01E+03,0.41E+03,0.55E+03,1.24E+03,2.20E+03,0.30E+03,0.09E+03,-0.37E+03,0.14E+03,0.686E+00,0.985E+00,-0.955E+00,0.913E+00,58.497E+03,-2.319E+03,29.332E+03,-1.078E+03,0.00000E+00,0.167E+03,0.000E+03,0.041E+03,-0.029E+03,2.01E+03,0.00E+03,0.49E+03,-0.35E+03,0.972E+00
2022-07-04 21:40:00,0013:10:00,00000000,49.99E+00,231.9E+00,231.9E+00,0.0E+00,223.4E+00,223.4E+00,-118.8E+00,237.3E+00,237.3E+00,120.9E+00,0.73E+00,0.72E+00,-44.8E+00,2.43E+00,2.41E+00,-126.4E+00,5.12E+00,4.96E+00,133.8E+00,0.12E+03,0.53E+03,1.15E+03,1.80E+03,0.17E+03,0.54E+03,1.21E+03,1.93E+03,0.12E+03,0.09E+03,-0.40E+03,-0.25E+03,0.699E+00,0.986E+00,-0.945E+00,-0.935E+00,58.647E+03,-2.319E+03,29.349E+03,-1.115E+03,0.00000E+00,0.150E+03,0.000E+03,0.017E+03,-0.037E+03,1.80E+03,0.00E+03,0.20E+03,-0.45E+03,0.994E+00
2022-07-04 21:45:00,0013:15:00,00000000,50.00E+00,231.7E+00,231.6E+00,0.0E+00,223.1E+00,223.1E+00,-118.8E+00,237.1E+00,237.1E+00,120.9E+00,1.54E+00,1.53E+00,-46.5E+00,2.43E+00,2.42E+00,-126.3E+00,5.14E+00,4.99E+00,133.8E+00,0.24E+03,0.53E+03,1.15E+03,1.93E+03,0.36E+03,0.54E+03,1.22E+03,2.12E+03,0.26E+03,0.09E+03,-0.40E+03,0.06E+03,0.683E+00,0.986E+00,-0.945E+00,0.912E+00,58.808E+03,-2.319E+03,29.386E+03,-1.146E+03,0.00000E+00,0.161E+03,0.000E+03,0.037E+03,-0.031E+03,1.93E+03,0.00E+03,0.44E+03,-0.38E+03,0.975E+00
2022-07-04 21:50:00,0013:20:00,00000000,50.00E+00,231.7E+00,231.7E+00,0.0E+00,223.2E+00,223.2E+00,-118.8E+00,237.1E+00,237.1E+00,120.9E+00,1.42E+00,1.41E+00,-45.2E+00,2.43E+00,2.42E+00,-126.3E+00,5.29E+00,5.14E+00,130.1E+00,0.23E+03,0.53E+03,1.20E+03,1.96E+03,0.33E+03,0.54E+03,1.25E+03,2.12E+03,0.24E+03,0.09E+03,-0.36E+03,0.02E+03,0.697E+00,0.986E+00,-0.956E+00,0.924E+00,58.971E+03,-2.319E+03,29.418E+03,-1.177E+03,0.00000E+00,0.164E+03,0.000E+03,0.033E+03,-0.031E+03,1.96E+03,0.00E+03,0.39E+03,-0.37E+03,0.981E+00
2022-07-04 21:55:00,0013:25:00,00000000,50.00E+00,231.7E+00,231.6E+00,0.0E+00,223.3E+00,223.3E+00,-118.8E+00,236.9E+00,236.9E+00,120.9E+00,1.23E+00,1.22E+00,-47.1E+00,2.43E+00,2.42E+00,-126.3E+00,5.40E+00,5.26E+00,125.3E+00,0.19E+03,0.54E+03,1.24E+03,1.97E+03,0.29E+03,0.54E+03,1.28E+03,2.11E+03,0.21E+03,0.09E+03,-0.30E+03,0.03E+03,0.677E+00,0.986E+00,-0.971E+00,0.935E+00,59.136E+03,-2.319E+03,29.448E+03,-1.204E+03,0.00000E+00,0.164E+03,0.000E+03,0.029E+03,-0.026E+03,1.97E+03,0.00E+03,0.35E+03,-0.32E+03,0.985E+00
2022-07-04 22:00:00,0013:30:00,00000000,49.99E+00,231.9E+00,231.9E+00,0.0E+00,223.5E+00,223.5E+00,-118.8E+00,237.1E+00,237.1E+00,120.9E+00,0.32E+00,0.32E+00,-44.8E+00,2.52E+00,2.50E+00,-126.4E+00,5.41E+00,5.27E+00,125.3E+00,0.05E+03,0.55E+03,1.25E+03,1.85E+03,0.07E+03,0.56E+03,1.28E+03,1.92E+03,0.05E+03,0.10E+03,-0.30E+03,-0.30E+03,0.699E+00,0.983E+00,-0.971E+00,0.964E+00,59.290E+03,-2.319E+03,29.455E+03,-1.236E+03,0.00000E+00,0.154E+03,0.000E+03,0.007E+03,-0.033E+03,1.85E+03,0.00E+03,0.09E+03,-0.39E+03,0.999E+00
2022-07-04 22:05:00,0013:35:00,00000000,50.03E+00,232.4E+00,232.4E+00,0.0E+00,223.8E+00,223.7E+00,-118.7E+00,238.1E+00,238.1E+00,120.9E+00,2.14E+00,2.12E+00,-46.2E+00,5.90E+00,5.86E+00,-137.0E+00,5.40E+00,5.26E+00,125.3E+00,0.34E+03,1.24E+03,1.25E+03,2.82E+03,0.50E+03,1.32E+03,1.29E+03,3.10E+03,0.36E+03,0.44E+03,-0.31E+03,1.03E+03,0.687E+00,0.937E+00,-0.971E+00,0.911E+00,59.525E+03,-2.319E+03,29.549E+03,-1.244E+03,0.00000E+00,0.235E+03,0.000E+03,0.094E+03,-0.008E+03,2.82E+03,0.00E+03,1.13E+03,-0.09E+03,0.929E+00
2022-07-04 22:10:00,0013:40:00,00000000,50.00E+00,232.6E+00,232.6E+00,0.0E+00,223.6E+00,223.6E+00,-118.8E+00,238.4E+00,238.4E+00,120.9E+00,0.12E+00,0.12E+00,-44.4E+00,10.01E+00,9.96E+00,-141.7E+00,5.45E+00,5.31E+00,124.6E+00,0.02E+03,2.05E+03,1.26E+03,3.33E+03,0.03E+03,2.24E+03,1.30E+03,3.57E+03,0.02E+03,0.90E+03,-0.30E+03,1.27E+03,0.676E+00,0.916E+00,-0.972E+00,0.934E+00,59.803E+03,-2.319E+03,29.654E+03,-1.244E+03,0.00000E+00,0.278E+03,0.000E+03,0.105E+03,0.000E+03,3.33E+03,0.00E+03,1.27E+03,0.00E+03,0.935E+00
2022-07-04 22:15:00,0013:45:00,00000000,50.00E+00,231.5E+00,231.4E+00,0.0E+00,222.6E+00,222.5E+00,-118.7E+00,237.3E+00,237.3E+00,121.0E+00,1.87E+00,1.86E+00,-46.1E+00,9.67E+00,9.62E+00,-142.0E+00,5.66E+00,5.53E+00,121.7E+00,0.30E+03,1.97E+03,1.31E+03,3.58E+03,0.44E+03,2.15E+03,1.34E+03,3.93E+03,0.32E+03,0.88E+03,-0.29E+03,1.59E+03,0.688E+00,0.913E+00,-0.976E+00,0.910E+00,60.101E+03,-2.319E+03,29.787E+03,-1.244E+03,0.00000E+00,0.298E+03,0.000E+03,0.133E+03,0.000E+03,3.58E+03,0.00E+03,1.59E+03,0.00E+03,0.913E+00
2022-07-04 22:20:00,0013:50:00,00000000,49.99E+00,230.5E+00,230.5E+00,0.0E+00,221.8E+00,221.8E+00,-118.7E+00,236.0E+00,236.0E+00,120.9E+00,1.34E+00,1.33E+00,-45.0E+00,7.55E+00,7.48E+00,-152.0E+00,5.62E+00,5.49E+00,122.4E+00,0.21E+03,1.36E+03,1.29E+03,2.87E+03,0.31E+03,1.67E+03,1.33E+03,3.31E+03,0.22E+03,0.92E+03,-0.29E+03,1.59E+03,0.699E+00,0.812E+00,-0.976E+00,0.867E+00,60.341E+03,-2.319E+03,29.919E+03,-1.244E+03,0.00000E+00,0.239E+03,0.000E+03,0.132E+03,0.000E+03,2.87E+03,0.00E+03,1.59E+03,0.00E+03,0.875E+00
2022-07-04 22:25:00,0013:55:00,00000000,50.00E+00,230.7E+00,230.7E+00,0.0E+00,221.9E+00,221.9E+00,-118.7E+00,236.1E+00,236.1E+00,120.9E+00,0.55E+00,0.55E+00,-46.7E+00,7.65E+00,7.59E+00,-151.5E+00,5.46E+00,5.32E+00,125.4E+00,0.09E+03,1.39E+03,1.25E+03,2.73E+03,0.13E+03,1.70E+03,1.29E+03,3.11E+03,0.09E+03,0.92E+03,-0.31E+03,1.46E+03,0.680E+00,0.817E+00,-0.972E+00,0.875E+00,60.568E+03,-2.319E+03,30.041E+03,-1.244E+03,0.00000E+00,0.227E+03,0.000E+03,0.122E+03,0.000E+03,2.73E+03,0.00E+03,1.46E+03,0.00E+03,0.881E+00
2022-07-04 22:30:00,0014:00:00,00000000,50.01E+00,230.9E+00,230.9E+00,0.0E+00,222.1E+00,222.1E+00,-118.8E+00,236.3E+00,236.2E+00,120.9E+00,1.74E+00,1.73E+00,-45.5E+00,7.56E+00,7.49E+00,-152.5E+00,5.45E+00,5.31E+00,125.4E+00,0.28E+03,1.36E+03,1.25E+03,2.89E+03,0.40E+03,1.68E+03,1.29E+03,3.37E+03,0.29E+03,0.93E+03,-0.31E+03,1.67E+03,0.693E+00,0.807E+00,-0.971E+00,0.856E+00,60.808E+03,-2.319E+03,30.180E+03,-1.244E+03,0.00000E+00,0.240E+03,0.000E+03,0.139E+03,0.000E+03,2.89E+03,0.00E+03,1.67E+03,0.00E+03,0.865E+00
2022-07-04 22:35:00,0014:05:00,00000000,50.04E+00,231.3E+00,231.3E+00,0.0E+00,222.6E+00,222.6E+00,-118.8E+00,236.5E+00,236.5E+00,120.9E+00,0.00E+00,0.00E+00,-2.5E+00,7.49E+00,7.41E+00,-153.6E+00,5.45E+00,5.31E+00,125.4E+00,0.00E+03,1.33E+03,1.25E+03,2.58E+03,0.00E+03,1.67E+03,1.29E+03,2.95E+03,0.00E+03,0.95E+03,-0.31E+03,1.40E+03,0.000E+99,0.797E+00,-0.971E+00,0.873E+00,61.023E+03,-2.319E+03,30.297E+03,-1.244E+03,0.00000E+00,0.215E+03,0.000E+03,0.116E+03,0.000E+03,2.58E+03,0.00E+03,1.40E+03,0.00E+03,0.880E+00
2022-07-04 22:40:00,0014:10:00,00000000,50.00E+00,231.3E+00,231.3E+00,0.0E+00,222.6E+00,222.5E+00,-118.9E+00,236.6E+00,236.6E+00,120.9E+00,2.25E+00,2.23E+00,-45.9E+00,7.42E+00,7.35E+00,-154.6E+00,2.73E+00,2.66E+00,125.4E+00,0.36E+03,1.30E+03,0.63E+03,2.29E+03,0.52E+03,1.65E+03,0.65E+03,2.82E+03,0.38E+03,0.96E+03,-0.15E+03,1.62E+03,0.690E+00,0.788E+00,-0.971E+00,0.812E+00,61.214E+03,-2.319E+03,30.431E+03,-1.244E+03,0.00000E+00,0.191E+03,0.000E+03,0.135E+03,0.000E+03,2.29E+03,0.00E+03,1.62E+03,0.00E+03,0.817E+00
2022-07-04 22:45:00,0014:15:00,00000000,50.01E+00,231.7E+00,231.7E+00,0.0E+00,222.8E+00,222.7E+00,-118.8E+00,236.9E+00,236.8E+00,121.0E+00,0.00E+00,0.00E+00,-2.4E+00,7.39E+00,7.32E+00,-155.0E+00,4.32E+00,4.20E+00,126.5E+00,0.00E+03,1.29E+03,0.99E+03,2.28E+03,0.00E+03,1.65E+03,1.02E+03,2.67E+03,0.00E+03,0.97E+03,-0.26E+03,1.33E+03,0.000E+99,0.782E+00,-0.966E+00,0.853E+00,61.404E+03,-2.319E+03,30.542E+03,-1.244E+03,0.00000E+00,0.190E+03,0.000E+03,0.111E+03,0.000E+03,2.28E+03,0.00E+03,1.33E+03,0.00E+03,0.864E+00
2022-07-04 22:45:00,STOP
